/*** 
 * TP 6 - INSERTIONS
 */ 

 -- Clients
----------------------------------------------------------------------------------------------------------------------------------------------------------------------------------------------------------------------------------------------------------------
insert into clients values ('ABO001','Mme','Elisabeth','ABONDIEU','5, place de la Cathédrale','44000','NANTES','0240223311','janv  1 1956 12:00AM',0 )
insert into clients values ('AIM001','Mme','Anne','AIMONE','3, place de la République','49000','ANGERS','0241683721','févr 12 1932 12:00AM',1 )
insert into clients values ('ALA001','Mme','Mélanie','MALALANICHE','14, rue du Chenil','44700','ORVAULT','0240115544','juin 15 1964 12:00AM',1 )
insert into clients values ('ARO001','Mlle','Olive','ARO','12, place des Fromagers','49000','ANGERS','0241002233','avr 12 1962 12:00AM',1 )
insert into clients values ('BON001','M.','Jean','BONNEAU','31, rue des Colombes','79000','NIORT','0249652481','avr 11 1969 12:00AM',0 )
insert into clients values ('BOS001','M.','Edmond','BOSAPIN','21, avenue des Peupliers','49000','ANGERS','0241663300','févr 14 1945 12:00AM',0 )
insert into clients values ('COG001','Mlle','Delphine','CHAMPAGNE','5, impasse des Vignerons','44800','SAINT HERBLAIN','0240023145','févr  1 1970 12:00AM',0 )
insert into clients values ('COM001','M.','Juste','COMILFO','39, rue des Boulangers','44000','NANTES','0240368490','janv 17 1968 12:00AM',0 )
insert into clients values ('DAB001','M.','Côme','DABITUDE','1, rue Claude François','44700','ORVAULT','0251773322','sept 14 1967 12:00AM',0 )
insert into clients values ('DAS001','M.','Richard','DASSAULT','12, rue de la Grande Armée','49000','ANGERS','0241227799','juil 13 1963 12:00AM',0 )
insert into clients values ('DEC001','M.','Benoît','DE CAJOU','96, rue des Oliviers','44400','REZE','0240568431','mai 12 1966 12:00AM',0 )
insert into clients values ('DEJ001','Mme','Odette','DE JEU','45, rue du Casino','44000','NANTES','0240007890','avr 25 1963 12:00AM',1 )
insert into clients values ('DEM001','Mlle','Hélène','DE MOUTON','5, rue des Champs','44980','SAINTE LUCE SUR LOIRE','0240558000','avr 20 1949 12:00AM',0 )
insert into clients values ('DEP001','M.','Denis','DE PIE','46, rue des Hérons cendrés','44800','SAINT HERBLAIN','0240669124','mars 24 1956 12:00AM',0 )
insert into clients values ('DER001','M.','Stéphane','DE RADIS','72, rue des Maraîchers','44980','SAINTE LUCE SUR LOIRE','0240526497','juil 29 1947 12:00AM',0 )
insert into clients values ('DES001','Mlle','Ella','DESAILES','53, boulevard de l''Aéroport','44340','BOUGUENAIS','0240557610','déc 25 1967 12:00AM',0 )
insert into clients values ('DEV001','M.','Honoré','DE VOUVOIR','5, rue de l''Amitié','44300','NANTES','0240687799','mai  1 1962 12:00AM',0 )
insert into clients values ('DIN001','M.','Ferdinand','DINARAVELO','25, rue Poulidor','44700','ORVAULT','0240667700','mai 14 1968 12:00AM',0 )
insert into clients values ('ENE001','Mme','Eugénie','ENERBE','15, avenue des Facultés','44000','NANTES','0240551133','sept 10 1949 12:00AM',0 )
insert into clients values ('EPR001','Mlle','Estelle','EPRIS','25, rue des Alouettes','44980','SAINTE LUCE SUR LOIRE','0240334400','nov 11 1945 12:00AM',0 )
insert into clients values ('FON001','Mme','Claire','FONTAINE','12, boulevard de la Source','44700','ORVAULT','0240789965','avr 12 1970 12:00AM',1 )
insert into clients values ('GON001','M.','Igor','GONZOLA','5, place des Fromagers','49000','ANGERS','0241001679','juin 13 1957 12:00AM',0 )
insert into clients values ('GRA001','M.','Hugues','GRANCHEF','66, impasse des Mohicans','49240','AVRILLE','0241228800','avr  1 1968 12:00AM',0 )
insert into clients values ('HAI001','M.','Gilles','HAIES','64, rue des Tailleurs','49240','AVRILLE','0241550000','juil  2 1968 12:00AM',0 )
insert into clients values ('HIS001','M.','Paul','HISSON','32, avenue du Cirque','44000','NANTES','0240369750','juil  3 1967 12:00AM',0 )
insert into clients values ('HOC001','M.','Eric','HOCHET','11, rue du Lac','49240','AVRILLE','0241235590','sept  4 1965 12:00AM',0 )
insert into clients values ('IAC001','M.','Hermann','IACK','12, place de la Gendarmerie','44700','ORVAULT','0251679453','févr 14 1966 12:00AM',0 )
insert into clients values ('ICI001','Mme','Angèle','ICI','5, avenue Emile Victor','79000','NIORT','0249558821','juin 15 1971 12:00AM',1 )
insert into clients values ('IKA001','Mme','Claude','IKASSION','1, avenue de la Maine','49000','ANGERS','0241664312','mars 12 1972 12:00AM',1 )
insert into clients values ('JAV001','Mme','Aude','JAVEL','6, avenue Christophe Colomb','49300','CHOLET','0241586735','juin 14 1968 12:00AM',0 )
insert into clients values ('LEC001','M.','Dimitri','LE COURRIER','5, place de la Poste','44000','NANTES','0240658833','janv  1 1964 12:00AM',0 )
insert into clients values ('MAT001','Mlle','Elodie','MAT','1, avenue Gustave Eiffel','44000','NANTES','0240003121','juil 27 1963 12:00AM',0 )
insert into clients values ('MNA001','Mme','Pélagie','MNASTIQUE','52, rue du Stade','44340','BOUGUENAIS','0240557030','sept 24 1965 12:00AM',0 )
insert into clients values ('MOI001','Mlle','Edith','MOITOU','4, rue des Aveux','49120','SAINT BARTHELEMY D''ANJOU','0241221000','nov 27 1961 12:00AM',1 )
insert into clients values ('MOI002','Mlle','Judith','MOITOU','12, rue des Aveux','49120','SAINT BARTHELEMY D''ANJOU','0241223300','févr 10 1964 12:00AM',0 )
insert into clients values ('MON001','M.','Thibault','MONFILS','15, avenue d''Algérie','49240','AVRILLE','0241559900','oct 14 1967 12:00AM',1 )
insert into clients values ('NEN001','M.','Edouard','NENEZ','42, route de Vannes','44000','NANTES','0240602341','août 25 1969 12:00AM',0 )
insert into clients values ('NIO001','Mlle','Ninon','NIOUI','11, place de la République','49000','ANGERS','0241660077','juil 30 1964 12:00AM',1 )
insert into clients values ('OFA001','Mlle','Honorine','OFARINGITE','27, avenue Hippocrate','44000','NANTES','0251886630','juin 24 1970 12:00AM',1 )
insert into clients values ('ONI001','Mlle','Anne','ONIME','53, rue des Pélicans','44300','NANTES','0240503468','juil  3 1962 12:00AM',0 )
insert into clients values ('OPI001','Mme','Marthe','OPIQUEUR','70, place des Pavés','44000','NANTES','0240103040','juil 24 1961 12:00AM',0 )
insert into clients values ('OPO001','M.','Fidèle','OPOSTE','12, avenue de la Caserne','49000','ANGERS','0241628271','avr  3 1969 12:00AM',1 )
insert into clients values ('PAO001','M.','Amédé','PAON','25, rue du Parc','49300','CHOLET','0241596235','mai 17 1968 12:00AM',0 )
insert into clients values ('PAS001','Mlle','Inès','PASDANLAICHOU','45, rue des Maraîchers','44980','SAINTE LUCE SUR LOIRE','0240226617','avr  3 1962 12:00AM',1 )
insert into clients values ('PEU001','M.','Firmin','PEULAPORTE','5, rue des Alizées','44300','NANTES','0240513692','juin 18 1959 12:00AM',0 )
insert into clients values ('SAB001','M.','Emile','SABORD','2, rue Hergé','44700','ORVAULT','0240703564','juin 24 1957 12:00AM',0 )
insert into clients values ('SAH001','M.','Aubin','SAHALOR','1, boulevard François 1er','44000','NANTES','0240356262','mars  2 1970 12:00AM',0 )
insert into clients values ('SAN001','M.','Théodore','SANRONFLET','51, rue du Sommeil','44340','BOUGUENAIS','0240667039','juin  1 1966 12:00AM',0 )
insert into clients values ('STI001','Mlle','Sophie','STIQUET','83, place Coco Chanel','44700','ORVAULT','0240706031','avr  2 1969 12:00AM',0 )
insert into clients values ('SUJ001','Mme','Laure','SUJET','12, avenue Charles de Gaulle','79000','NIORT','0249576123','juil  3 1959 12:00AM',0 )
insert into clients values ('SWI001','M.','Guillaume','SWITAUME','8, avenue d''Angleterre','44000','NANTES','0240603210','déc  4 1968 12:00AM',0 )
insert into clients values ('TAC001','M.','Béranger','TACHAMBRE','10, avenue du Château','49000','ANGERS','0241220045','juil  3 1967 12:00AM',1 )
insert into clients values ('TER001','M.','Alain','TERRIEUR','21, rue des Hauts Pavés','44000','NANTES','0240597634','août  2 1965 12:00AM',1 )
insert into clients values ('TER002','M.','Alex','TERRIEUR','27, impasse du Pont','49000','ANGERS','0241593654','avr 21 1968 12:00AM',0 )
insert into clients values ('TIN001','M.','Aymar','TINIQUE','45, rue des Antilles','44980','SAINT LUCE SUR LOIRE','0240568213','juil 29 1962 12:00AM',1 )
insert into clients values ('TIN002','M.','Clément','TINE','33, rue des Jardins','49240','AVRILLE','0241228877','sept 24 1964 12:00AM',0 )
insert into clients values ('TIN003','M.','Constant','TINE','25, avenue Louis XVI','49300','CHOLET','0241554867','oct 30 1967 12:00AM',0 )
insert into clients values ('TOU001','M.','Sylvan','TOURNE','12, rue des Alizées','44300','NANTES','0240801030','mai  8 1963 12:00AM',0 )
insert into clients values ('TOU002','Mme','Emma','TOUPRI','47, rue des Artistes','44230','SAINT SEBASTIEN SUR LOIRE','0240623300','avr 21 1964 12:00AM',0 )
insert into clients values ('TOU003','M.','Isidore','TOULETEMPS','72, route de la Plage','44340','BOUGUENAIS','0240763345','juin 29 1961 12:00AM',0 )
insert into clients values ('ZEB001','Mlle','Agathe','ZEBLOUZ','4, boulevard de Casablanca','49000','ANGERS','0241235498','juil 24 1964 12:00AM',1 )
insert into clients values ('ZET001','Mlle','Annie','ZETTE','3, impasse des Tourterelles','44230','SAINT SEBASTIEN SUR LOIRE','0240349125','sept  9 1965 12:00AM',0 )


-- Table TYPES_LOCATION
----------------------------------------------------------------------------------------------
insert into types_location values ('FE','Jours fériés',1.5,2 )
insert into types_location values ('N1','Normal 1 jour',1,1 )
insert into types_location values ('N2','Normal 2 jours',2,2 )
insert into types_location values ('N3','Normal 3 jours',3,3 )
insert into types_location values ('N4','Normal 4 jours',4,4 )
insert into types_location values ('N5','Normal 5 jours',5,5 )
insert into types_location values ('SE','Semaine complète',5,7 )
insert into types_location values ('WE','Week-end',2,3 )

-- Table REALISATEURS
------------------------------------------------------------------------------------------------------------------------------
insert into realisateurs values ('ALD001','Phil','ALDEN ROBINSON',1964,'USA')
insert into realisateurs values ('ALD002','Percy','ALDON',1958,'USA')
insert into realisateurs values ('ALL001','Woody','ALLEN',1935,'USA')
insert into realisateurs values ('ALM001','Pedro','ALMODOVAR',1949,'ESPAGNE')
insert into realisateurs values ('ALT001','Robert','ALTMAN',1925,'USA')
insert into realisateurs values ('ANG001','Theo','ANGELOPOULOS',1935,'GRECE')
insert into realisateurs values ('ANN001','Jean-jacques','ANNAUD',1943,'FRANCE')
insert into realisateurs values ('ANT001','Michelangelo','ANTONIONI',1912,'ITALIE')
insert into realisateurs values ('ARD001','Emile','ARDOLINO',1959,'USA')
insert into realisateurs values ('ATT001','Richard','ATTENBOROUGH',1923,'ANGLETERRE')
insert into realisateurs values ('AUG001','Bille','AUGUST',1948,'DANEMARK')
insert into realisateurs values ('AUT001','Claude','AUTANT-LARA',1901,'FRANCE')
insert into realisateurs values ('AVI001','John','AVILDSEN',1936,'USA')
insert into realisateurs values ('BAD001','John','BADHAM',1950,'USA')
insert into realisateurs values ('BAL001','Josiane','BALASKO',1952,'FRANCE')
insert into realisateurs values ('BEA001','Warren','BEATTY',1937,'USA')
insert into realisateurs values ('BEC001','Jacques','BECKER',1906,'FRANCE')
insert into realisateurs values ('BEC002','Jean','BECKER',1938,'FRANCE')
insert into realisateurs values ('BEI001','Jean-jacques','BEINEX',1946,'FRANCE')
insert into realisateurs values ('BEN001','Robert','BENTON',1932,'USA')
insert into realisateurs values ('BER001','Bernardo','BERTOLUCCI',1941,'ITALIE')
insert into realisateurs values ('BER002','Claude','BERRI',1934,'FRANCE')
insert into realisateurs values ('BES001','Luc','BESSON',1959,'FRANCE')
insert into realisateurs values ('BIG001','Kathryn','BIGELOW',1961,'USA')
insert into realisateurs values ('BLA001','Michel','BLANC',1952,'FRANCE')
insert into realisateurs values ('BLI001','Bertrand','BLIER',1939,'FRANCE')
insert into realisateurs values ('BOI001','Yves','BOISSET',1939,'FRANCE')
insert into realisateurs values ('BOO001','John','BOORMAN',1933,'ANGLETERRE')
insert into realisateurs values ('BOR001','Bernard','BORDERIE',1932,'FRANCE')
insert into realisateurs values ('BRA001','Kenneth','BRANAGH',1962,'ANGLETERRE')
insert into realisateurs values ('BRA002','Marco','BRAMBILLA',1953,'USA')
insert into realisateurs values ('BRO001','Tod','BROWNING',1882,'USA')
insert into realisateurs values ('BUN001','Luis','BUNUEL',1900,'ESPAGNE')
insert into realisateurs values ('BUR001','Tim','BURTON',1965,'USA')
insert into realisateurs values ('CAM001','James','CAMERON',1953,'USA')
insert into realisateurs values ('CAM002','Jane','CAMPION',1954,'AUSTRALIE')
insert into realisateurs values ('CAP001','Franck','CAPRA',1897,'USA')
insert into realisateurs values ('CAR001','Marcel','CARNE',1909,'FRANCE')
insert into realisateurs values ('CAR002','Marc','CARO',1956,'FRANCE')
insert into realisateurs values ('CAR003','Leos','CARAX',1960,'FRANCE')
insert into realisateurs values ('CAR004','John','CARPENTER',1948,'USA')
insert into realisateurs values ('CAS001','John','CASSAVETES',1929,'USA')
insert into realisateurs values ('CAT001','Michael','CATON-JONES',1960,'USA')
insert into realisateurs values ('CHA001','Claude','CHABROL',1930,'FRANCE')
insert into realisateurs values ('CHA002','Charlie','CHAPLIN',1889,'USA')
insert into realisateurs values ('CHA003','Etienne','CHATILLEZ',1950,'FRANCE')
insert into realisateurs values ('CHE001','Partice','CHEREAU',1944,'FRANCE')
insert into realisateurs values ('CIM001','Michael','CIMINO',1941,'USA')
insert into realisateurs values ('CIS001','Souleymane','CISSE',1940,'MALI')
insert into realisateurs values ('CLA001','René','CLAIR',1898,'FRANCE')
insert into realisateurs values ('CLE001','René','CLEMENT',1913,'FRANCE')
insert into realisateurs values ('CLO001','Henri-georges','CLOUZOT',1907,'FRANCE')
insert into realisateurs values ('COC001','Jean','COCTEAU',1889,'FRANCE')
insert into realisateurs values ('COE001','Joel','COEN',1955,'USA')
insert into realisateurs values ('COL001','Chris','COLUMBUS',1960,'USA')
insert into realisateurs values ('COM001','Luigi','COMENCINI',1916,'ITALIE')
insert into realisateurs values ('COP001','Francis ford','COPPOLA',1939,'USA')
insert into realisateurs values ('COR001','Alain','CORNEAU',1943,'FRANCE')
insert into realisateurs values ('COS001','Kevin','COSTNER',1955,'USA')
insert into realisateurs values ('CRA001','Wes','CRAVEN',1940,'USA')
insert into realisateurs values ('CRI001','Charles','CRICHTON',1910,'ANGLETERRE')
insert into realisateurs values ('CRO001','David','CRONENBERG',1945,'CANADA')
insert into realisateurs values ('CUK001','George','CUKOR',1899,'USA')
insert into realisateurs values ('CUR001','Michael','CURTIZ',1888,'USA')
insert into realisateurs values ('DAN001','Joe','DANTE',1948,'USA')
insert into realisateurs values ('DAV001','Andrew','DAVIS',1961,'USA')
insert into realisateurs values ('DEB001','Philippe','DE BROCA',1933,'FRANCE')
insert into realisateurs values ('DEM001','Cecil b','DE MILLE',1881,'USA')
insert into realisateurs values ('DEM002','Jacques','DEMY',1931,'FRANCE')
insert into realisateurs values ('DEM003','Jonathan','DEMME',1944,'USA')
insert into realisateurs values ('DEP001','Brian','DE PALMA',1940,'USA')
insert into realisateurs values ('DES001','Vitorio','DE SICCA',1901,'ITALIE')
insert into realisateurs values ('DEV001','Michel','DEVILLE',1931,'FRANCE')
insert into realisateurs values ('DIS001','Walt','DISNEY',1901,'USA')
insert into realisateurs values ('DON001','Richard','DONNER',1948,'USA')
insert into realisateurs values ('DRE001','Carl','DREYER',1889,'DANEMARK')
insert into realisateurs values ('DUK001','Bill','DUKE',1964,'USA')
insert into realisateurs values ('DUV001','Julien','DUVIVIER',1896,'FRANCE')
insert into realisateurs values ('EAS001','Clint','EASTWOOD',1930,'USA')
insert into realisateurs values ('EDW001','Blake','EDWARDS',1922,'USA')
insert into realisateurs values ('FEL001','Federico','FELLINI',1920,'ITALIE')
insert into realisateurs values ('FER001','Marco','FERRERI',1928,'ITALIE')
insert into realisateurs values ('FER002','Abel','FERRARA',1950,'USA')
insert into realisateurs values ('FIG001','Mike','FIGGIS',1962,'USA')
insert into realisateurs values ('FOR001','John','FORD',1894,'USA')
insert into realisateurs values ('FOR002','Milos','FORMAN',1932,'USA')
insert into realisateurs values ('FOS001','Jodie','FOSTER',1958,'USA')
insert into realisateurs values ('FOS002','Bob','FOSSE',1925,'USA')
insert into realisateurs values ('FRA001','John','FRANKENHEIMER',1930,'USA')
insert into realisateurs values ('FRA002','Richard','FRANKLIN',1955,'USA')
insert into realisateurs values ('FRE001','Stephen','FREARS',1941,'ANGLETERRE')
insert into realisateurs values ('FRI001','William','FRIEDKIN',1939,'USA')
insert into realisateurs values ('GAN001','Abel','GANCE',1889,'FRANCE')
insert into realisateurs values ('GIB001','Mel','GIBSON',1956,'USA')
insert into realisateurs values ('GOD001','Jean-luc','GODARD',1930,'FRANCE')
insert into realisateurs values ('GRA001','Pierre','GRANIER-DEFERRE',1927,'FRANCE')
insert into realisateurs values ('GRE001','Peter','GREENAWAY',1942,'ANGLETERRE')
insert into realisateurs values ('GUI001','Terry','GILLIAM',1940,'USA')
insert into realisateurs values ('GYL001','Stephen','GYLLENHAAL',1956,'USA')
insert into realisateurs values ('HAR001','Renny','HARLIN',1958,'FINLANDE')
insert into realisateurs values ('HEC001','Amy','HECKERLING',1956,'USA')
insert into realisateurs values ('HIL001','George roy','HILL',1922,'USA')
insert into realisateurs values ('HIL002','Walter','HILL',1942,'USA')
insert into realisateurs values ('HIT001','Alfred','HITCHCOCK',1899,'ANGLETERRE')
insert into realisateurs values ('HOP001','Stevens','HOPKINS',1961,'USA')
insert into realisateurs values ('HOW001','Ron','HOWARD',1940,'USA')
insert into realisateurs values ('HUB001','Jean-loup','HUBERT',1955,'FRANCE')
insert into realisateurs values ('HUD001','Hugh','HUDSON',1936,'ANGLETERRE')
insert into realisateurs values ('HUN001','André','HUNEBELLE',1896,'FRANCE')
insert into realisateurs values ('HUS001','John','HUSTON',1906,'USA')
insert into realisateurs values ('IMA001','Shohei','IMAMURA',1926,'JAPON')
insert into realisateurs values ('IVO001','James','IVORY',1928,'USA')
insert into realisateurs values ('JAR002','Alexandre','JARDIN',1964,'FRANCE')
insert into realisateurs values ('JEU001','Jean-pierre','JEUNET',1957,'FRANCE')
insert into realisateurs values ('JOF001','Roland','JOFFE',1945,'ANGLETERRE')
insert into realisateurs values ('JOH001','Joe','JOHNSTON',1958,'USA')
insert into realisateurs values ('JOR001','Niel','JORDAN',1963,'USA')
insert into realisateurs values ('JUG001','Gérard','JUGNOT',1951,'FRANCE')
insert into realisateurs values ('KAU001','Philip','KAUFMAN',1936,'USA')
insert into realisateurs values ('KAZ001','Elia','KAZAN',1909,'USA')
insert into realisateurs values ('KER001','Irvin','KERSHNER',1923,'USA')
insert into realisateurs values ('KUB001','Stanley','KUBRICK',1928,'USA')
insert into realisateurs values ('KUR001','Akira','KUROSAWA',1910,'JAPON')
insert into realisateurs values ('KUR002','Diane','KURYS',1948,'FRANCE')
insert into realisateurs values ('KUS001','Emir','KUSTURICA',1955,'YOUGOSLAVIE')
insert into realisateurs values ('LAN001','John','LANDIS',1950,'USA')
insert into realisateurs values ('LAN002','Fritz','LANG',1890,'USA')
insert into realisateurs values ('LAU001','Georges','LAUTNER',1926,'FRANCE')
insert into realisateurs values ('LAU002','Charles','LAUGHTON',1899,'USA')
insert into realisateurs values ('LAU003','Gérard','LAUZIER',1946,'FRANCE')
insert into realisateurs values ('LEA001','David','LEAN',1908,'ANGLETERRE')
insert into realisateurs values ('LEC001','Patrice','LECONTE',1947,'FRANCE')
insert into realisateurs values ('LEE001','Spike','LEE',1957,'USA')
insert into realisateurs values ('LEE002','John','LEE THOMPSON',1914,'ANGLETERRE')
insert into realisateurs values ('LEL001','Claude','LELOUCH',1937,'FRANCE')
insert into realisateurs values ('LEO001','Sergio','LEONE',1929,'ITALIE')
insert into realisateurs values ('LES001','Richard','LESTER',1932,'ANGLETERRE')
insert into realisateurs values ('LEV001','Barry','LEVINSON',1952,'USA')
insert into realisateurs values ('LOS001','Joseph','LOSEY',1909,'USA')
insert into realisateurs values ('LOU001','Pavel','LOUNGUINE',1960,'URSS')
insert into realisateurs values ('LUB001','Ernst','LUBITSCH',1892,'USA')
insert into realisateurs values ('LUC001','George','LUCAS',1944,'USA')
insert into realisateurs values ('LUM001','Sidney','LUMET',1924,'USA')
insert into realisateurs values ('LYN001','David','LYNCH',1946,'USA')
insert into realisateurs values ('LYN002','Adrian','LYNE',1948,'ANGLETERRE')
insert into realisateurs values ('MAC001','John','MACTIERNAN',1949,'USA')
insert into realisateurs values ('MAL001','Louis','MALLE',1932,'FRANCE')
insert into realisateurs values ('MAN001','Joseph','MANKIEWICZ',1909,'USA')
insert into realisateurs values ('MAN002','Michael','MANN',1956,'USA')
insert into realisateurs values ('MAR001','Garry','MARSHALL',1962,'USA')
insert into realisateurs values ('MAR002','Penny','MARSHALL',1956,'USA')
insert into realisateurs values ('MEL001','Jean-pierre','MELVILLE',1917,'FRANCE')
insert into realisateurs values ('MIK001','Nikita','MIKHALKOV',1945,'URSS')
insert into realisateurs values ('MIL001','Claude','MILLER',1942,'FRANCE')
insert into realisateurs values ('MIL002','George','MILLER',1947,'AUSTRALIE')
insert into realisateurs values ('MIN001','Vincente','MINELLI',1903,'USA')
insert into realisateurs values ('MIZ001','Kenji','MIZOGUCHI',1898,'JAPON')
insert into realisateurs values ('MOC001','Jean-pierre','MOCKY',1929,'FRANCE')
insert into realisateurs values ('MOL001','Edouard','MOLINARO',1928,'FRANCE')
insert into realisateurs values ('MUL001','Russel','MULCAHY',1960,'USA')
insert into realisateurs values ('MUR001','Friedrich','MURNAU',1888,'ALLEMAGNE')
insert into realisateurs values ('NEW001','Mike','NEWELL',1964,'USA')
insert into realisateurs values ('NIC001','Mike','NICHOLS',1931,'USA')
insert into realisateurs values ('NIC002','Jack','NICHOLSON',1937,'USA')
insert into realisateurs values ('NUY001','Bruno','NUYTTEN',1945,'FRANCE')
insert into realisateurs values ('OPH001','Max','OPHULS',1902,'FRANCE')
insert into realisateurs values ('OSH001','Nagisa','OSHIMA',1932,'JAPON')
insert into realisateurs values ('OUR001','Gérard','OURY',1919,'FRANCE')
insert into realisateurs values ('PAG001','Marcel','PAGNOL',1895,'FRANCE')
insert into realisateurs values ('PAK001','Alan j','PAKULA',1928,'USA')
insert into realisateurs values ('PAL001','Hervé','PALUD',1959,'FRANCE')
insert into realisateurs values ('PAR001','Alan','PARKER',1944,'ANGLETERRE')
insert into realisateurs values ('PEC001','Sam','PECKINPAH',1926,'USA')
insert into realisateurs values ('PEN001','Arthur','PENN',1922,'USA')
insert into realisateurs values ('PET001','Wolfgang','PETERSEN',1941,'ALLEMAGNE')
insert into realisateurs values ('PHI001','Gérard','PHILIPE',1922,'FRANCE')
insert into realisateurs values ('PIA001','Maurice','PIALAT',1925,'FRANCE')
insert into realisateurs values ('PIN001','Claude','PINOTEAU',1925,'FRANCE')
insert into realisateurs values ('POI001','Jean-marie','POIRE',1956,'FRANCE')
insert into realisateurs values ('POI002','Jean','POIRET',1926,'FRANCE')
insert into realisateurs values ('POL001','Roman','POLANSKI',1933,'FRANCE')
insert into realisateurs values ('POL002','Sidney','POLLACK',1934,'USA')
insert into realisateurs values ('PRE001','Otto','PREMINGER',1906,'USA')
insert into realisateurs values ('RAF001','Bob','RAFELSON',1935,'USA')
insert into realisateurs values ('RAM001','Harold','RAMIS',1959,'USA')
insert into realisateurs values ('RAP001','Jean-paul','RAPPENEAU',1932,'FRANCE')
insert into realisateurs values ('RAY001','Satyajit','RAY',1921,'INDE')
insert into realisateurs values ('RAY002','Nicolas','RAY',1911,'USA')
insert into realisateurs values ('RED001','Robert','REDFORD',1937,'USA')
insert into realisateurs values ('REE001','Carol','REED',1906,'ANGLETERRE')
insert into realisateurs values ('REI001','Ivan','REITMAN',1956,'USA')
insert into realisateurs values ('REN001','Jean','RENOIR',1894,'FRANCE')
insert into realisateurs values ('RES001','Alain','RESNAIS',1922,'FRANCE')
insert into realisateurs values ('REY001','Kevin','REYNOLDS',1960,'USA')
insert into realisateurs values ('RIV001','Jacques','RIVETTE',1928,'FRANCE')
insert into realisateurs values ('ROB001','Yves','ROBERT',1920,'FRANCE')
insert into realisateurs values ('ROH001','Eric','ROHMER',1920,'FRANCE')
insert into realisateurs values ('ROS001','Roberto','ROSSELLINI',1906,'ITALIE')
insert into realisateurs values ('ROS002','Francesco','ROSI',1922,'ITALIE')
insert into realisateurs values ('ROS003','Fréderic','ROSSIF',1922,'FRANCE')
insert into realisateurs values ('ROT001','Bobby','ROTH',1959,'USA')
insert into realisateurs values ('ROU001','Jacques','ROUFFIO',1928,'FRANCE')
insert into realisateurs values ('RUB001','Joseph','RUBEN',1956,'USA')
insert into realisateurs values ('RUI001','Raoul','RUIZ',1941,'CHILI')
insert into realisateurs values ('RUS001','Ken','RUSSELL',1927,'ANGLETERRE')
insert into realisateurs values ('RUS002','Charles','RUSSELL',1954,'USA')
insert into realisateurs values ('SAU001','Claude','SAUTET',1924,'FRANCE')
insert into realisateurs values ('SCH001','Volker','SCHLONDORFF',1939,'ALLEMAGNE')
insert into realisateurs values ('SCH002','Franklin j.','SCHAFFNER',1920,'USA')
insert into realisateurs values ('SCH003','John','SCHLESINGER',1926,'ANGLETERRE')
insert into realisateurs values ('SCH004','Pierre','SCHOENDOERFFER',1928,'FRANCE')
insert into realisateurs values ('SCH005','Barbet','SCHROEDER',1941,'FRANCE')
insert into realisateurs values ('SCH006','Paul','SCHRADER',1946,'USA')
insert into realisateurs values ('SCH007','Joel','SCHUMACHER',1964,'USA')
insert into realisateurs values ('SCO001','Ettore','SCOLA',1931,'ITALIE')
insert into realisateurs values ('SCO002','Martin','SCORSESE',1942,'USA')
insert into realisateurs values ('SCO003','Ridley','SCOTT',1939,'ANGLETERRE')
insert into realisateurs values ('SCO004','Tony','SCOTT',1962,'USA')
insert into realisateurs values ('SEA001','Steven','SEAGAL',1955,'USA')
insert into realisateurs values ('SER001','Coline','SERREAU',1947,'FRANCE')
insert into realisateurs values ('SIN001','John','SINGLETON',1961,'USA')
insert into realisateurs values ('SOD001','Steven','SODERBERGH',1960,'USA')
insert into realisateurs values ('SON001','Barry','SONNENFELD',1962,'USA')
insert into realisateurs values ('SPI001','Steven','SPIELBERG',1947,'USA')
insert into realisateurs values ('SPO001','Roger','SPOTTISWOODE',1954,'USA')
insert into realisateurs values ('STE001','Joseph von','STERNBERG',1894,'USA')
insert into realisateurs values ('STO001','Oliver','STONE',1946,'USA')
insert into realisateurs values ('STR001','Barbra','STREISAND',1942,'USA')
insert into realisateurs values ('TAC001','Jean-charles','TACCHELLA',1925,'FRANCE')
insert into realisateurs values ('TAR001','Andreï','TARKOVSKI',1932,'URSS')
insert into realisateurs values ('TAR002','Quentin','TARANTINO',1967,'USA')
insert into realisateurs values ('TAT001','Jacques','TATI',1907,'FRANCE')
insert into realisateurs values ('TAV001','Bertrand','TAVERNIER',1941,'FRANCE')
insert into realisateurs values ('TAV002','Vittorio et paolo','TAVIANI',1929,'ITALIE')
insert into realisateurs values ('TEC001','André','TECHINE',1943,'FRANCE')
insert into realisateurs values ('TOR001','Giuseppe','TORNATORE',1947,'ITALIE')
insert into realisateurs values ('TRI001','Lars von','TRIER',1957,'DANEMARK')
insert into realisateurs values ('TRU001','François','TRUFFAUT',1932,'FRANCE')
insert into realisateurs values ('VAD001','Roger','VADIM',1928,'FRANCE')
insert into realisateurs values ('VAN001','Jaco','VAN DORMAEL',1960,'BELGIQUE')
insert into realisateurs values ('VAN002','Gus','VAN SANT',1956,'USA')
insert into realisateurs values ('VAR001','Agnès','VARDA',1928,'FRANCE')
insert into realisateurs values ('VER001','Henri','VERNEUIL',1920,'FRANCE')
insert into realisateurs values ('VER002','Paul','VERHOEVEN',1938,'ALLEMAGNE')
insert into realisateurs values ('VIG001','Jean','VIGO',1905,'FRANCE')
insert into realisateurs values ('VIS001','Luchino','VISCONTI',1906,'ITALIE')
insert into realisateurs values ('WAJ001','Andrzej','WAJDA',1926,'POLOGNE')
insert into realisateurs values ('WAL002','Raoul','WALSH',1887,'USA')
insert into realisateurs values ('WAR001','Régis','WARNIER',1951,'FRANCE')
insert into realisateurs values ('WEI001','Peter','WEIR',1944,'AUSTRALIE')
insert into realisateurs values ('WEL001','Orson','WELLES',1915,'USA')
insert into realisateurs values ('WEN001','Win','WENDERS',1945,'ALLEMAGNE')
insert into realisateurs values ('WIL001','Billy','WILDER',1906,'USA')
insert into realisateurs values ('WIS001','Robert','WISE',1914,'USA')
insert into realisateurs values ('WYL001','William','WYLER',1902,'USA')
insert into realisateurs values ('YAT001','Peter','YATES',1929,'ANGLETERRE')
insert into realisateurs values ('YIM001','Zhang','YIMOU',1966,'CHINE')
insert into realisateurs values ('YOU001','Terence','YOUNG',1915,'ANGLETERRE')
insert into realisateurs values ('ZEF001','Franco','ZEFFIRELLI',1923,'ITALIE')
insert into realisateurs values ('ZEM001','Robert','ZEMECKIS',1952,'USA')
insert into realisateurs values ('ZID001','Claude','ZIDI',1934,'FRANCE')
insert into realisateurs values ('ZUC001','Jerry','ZUCKER',1951,'USA')
insert into realisateurs values ('ZUL001','Andrzej','ZULAWSKI',1941,'POLOGNE')
--delete from realisateurs

-- Table GENRES_FILM
------------------------------------------------------------------------------------------
insert into genres_film values ('AC','Action')
insert into genres_film values ('AM','Amour')
insert into genres_film values ('AV','Aventure')
insert into genres_film values ('CD','Comédie dramatique')
insert into genres_film values ('CE','Comédie d''espionnage')
insert into genres_film values ('CF','Comédie fantastique')
insert into genres_film values ('CO','Comédie')
insert into genres_film values ('CP','Comédie policière')
insert into genres_film values ('DA','Danse')
insert into genres_film values ('DH','Drame historique')
insert into genres_film values ('DM','Drame musical')
insert into genres_film values ('DO','Documentaire')
insert into genres_film values ('DP','Drame psychologique')
insert into genres_film values ('DR','Drame')
insert into genres_film values ('EN','Enfants')
insert into genres_film values ('FA','Fantastique')
insert into genres_film values ('GU','Guerre')
insert into genres_film values ('HI','Historique')
insert into genres_film values ('HO','Horreur')
insert into genres_film values ('MU','Musical')
insert into genres_film values ('PO','Policier')
insert into genres_film values ('SF','Science-fiction')
insert into genres_film values ('TH','Thriller')
insert into genres_film values ('WE','Western')


-- Table FACTURES
----------------------------------------------------------------------------------------------------------------------------------------------
set dateformat ymd;
--delete from factures;
insert into factures  values ('ARO001', '2006-06-03' )
insert into factures   values ('COG001', '2006-06-03' )
insert into factures   values ('IKA001', '2006-06-03' )
insert into factures   values ('GON001', '2006-06-03' )
insert into factures   values ('JAV001', '2006-06-03' )
insert into factures   values ('OFA001', '2006-06-03' )
insert into factures   values ('NEN001', '2006-06-03' )
insert into factures   values ('DER001', '2006-06-03' )
insert into factures   values ('ONI001', '2006-06-03' )
insert into factures   values ('MOI002', '2006-06-03' )
insert into factures   values ('STI001', '2006-06-03' )
insert into factures   values ('HOC001', '2006-06-03' )
insert into factures   values ('FON001', '2006-06-03' )
insert into factures   values ('BON001', '2006-06-04' )
insert into factures   values ('TIN002', '2006-06-04' )
insert into factures   values ('DEM001', '2006-06-04' )
insert into factures   values ('MAT001', '2006-06-04' )
insert into factures   values ('SAH001', '2006-06-04' )
insert into factures   values ('GON001', '2006-06-04' )
insert into factures   values ('PEU001', '2006-06-04' )
insert into factures   values ('HIS001', '2006-06-04' )
insert into factures   values ('MON001', '2006-06-04' )
insert into factures   values ('STI001', '2006-06-04' )
insert into factures   values ('TIN003', '2006-06-04' )
insert into factures   values ('SWI001', '2006-06-04' )
insert into factures   values ('BOS001', '2006-06-04' )
insert into factures   values ('OPO001', '2006-06-04' )
insert into factures   values ('NIO001', '2006-06-04' )
insert into factures   values ('COM001', '2006-06-04' )
insert into factures   values ('SAB001', '2006-06-04' )
insert into factures   values ('COM001', '2006-06-04' )
insert into factures   values ('STI001', '2006-06-05' )
insert into factures   values ('DAB001', '2006-06-05' )
insert into factures   values ('IKA001', '2006-06-05' )
insert into factures   values ('DAS001', '2006-06-05' )
insert into factures   values ('DEJ001', '2006-06-05' )
insert into factures   values ('AIM001', '2006-06-05' )
insert into factures   values ('DES001', '2006-06-06' )
insert into factures   values ('JAV001', '2006-06-06' )
insert into factures   values ('TER002', '2006-06-06' )
insert into factures   values ('PEU001', '2006-06-06' )
insert into factures   values ('NEN001', '2006-06-06' )
insert into factures   values ('SAN001', '2006-06-06' )
insert into factures   values ('GRA001', '2006-06-06' )
insert into factures   values ('OFA001', '2006-06-06' )
insert into factures   values ('SAB001', '2006-06-06' )
insert into factures   values ('LEC001', '2006-06-07' )
insert into factures   values ('IAC001', '2006-06-07' )
insert into factures   values ('SWI001', '2006-06-07' )
insert into factures   values ('TIN002', '2006-06-07' )
insert into factures   values ('DAB001', '2006-06-07' )
insert into factures   values ('DEJ001', '2006-06-07' )
insert into factures   values ('DEP001', '2006-06-07' )
insert into factures   values ('EPR001', '2006-06-07' )
insert into factures   values ('ENE001', '2006-06-07' )
insert into factures   values ('ICI001', '2006-06-07' )
insert into factures   values ('PAS001', '2006-06-07' )
insert into factures   values ('SUJ001', '2006-06-08' )
insert into factures   values ('TAC001', '2006-06-08' )
insert into factures   values ('DEV001', '2006-06-08' )
insert into factures   values ('MOI001', '2006-06-08' )
insert into factures   values ('PAO001', '2006-06-08' )
insert into factures   values ('TER002', '2006-06-08' )
insert into factures   values ('ZET001', '2006-06-08' )
insert into factures   values ('DEC001', '2006-06-08' )
insert into factures   values ('TIN001', '2006-06-08' )
insert into factures   values ('OPI001', '2006-06-08' )
insert into factures   values ('MNA001', '2006-06-08' )
insert into factures   values ('ZEB001', '2006-06-08' )
insert into factures   values ('DIN001', '2006-06-08' )
insert into factures   values ('HAI001', '2006-06-08' )
insert into factures   values ('ALA001', '2006-06-08' )
insert into factures   values ('TER001', '2006-06-08' )
insert into factures   values ('TOU003', '2006-06-08' )
insert into factures   values ('TOU001', '2006-06-08' )
insert into factures   values ('TOU002', '2006-06-08' )
insert into factures   values ('BOS001', '2006-06-10' )
insert into factures   values ('BOS001', '2006-06-10' )
insert into factures   values ('DER001', '2006-06-10' )
insert into factures   values ('NEN001', '2006-06-10' )
insert into factures   values ('SAB001', '2006-06-10' )
insert into factures   values ('DEP001', '2006-06-10' )
insert into factures   values ('COG001', '2006-06-10' )
insert into factures   values ('GON001', '2006-06-10' )
insert into factures   values ('ARO001', '2006-06-10' )
insert into factures   values ('DEM001', '2006-06-10' )
insert into factures   values ('FON001', '2006-06-11' )
insert into factures   values ('ABO001', '2006-06-11' )
insert into factures   values ('HAI001', '2006-06-11' )
insert into factures   values ('GRA001', '2006-06-11' )
insert into factures   values ('EPR001', '2006-06-12' )
insert into factures   values ('LEC001', '2006-06-12' )
insert into factures   values ('GON001', '2006-06-12' )
insert into factures   values ('GRA001', '2006-06-12' )
insert into factures   values ('ZET001', '2006-06-12' )
insert into factures   values ('ZEB001', '2006-06-12' )
insert into factures   values ('TER002', '2006-06-13' )
insert into factures   values ('TOU002', '2006-06-13' )
insert into factures   values ('TOU002', '2006-06-13' )
insert into factures   values ('ENE001', '2006-06-13' )
insert into factures   values ('TIN002', '2006-06-14' )
insert into factures   values ('TIN001', '2006-06-14' )
insert into factures   values ('SUJ001', '2006-06-14' )
insert into factures   values ('IKA001', '2006-06-14' )
insert into factures   values ('ICI001', '2006-06-14' )
insert into factures   values ('IAC001', '2006-06-14' )
insert into factures   values ('LEC001', '2006-06-14' )
insert into factures   values ('HIS001', '2006-06-14' )
insert into factures   values ('DEV001', '2006-06-14' )
insert into factures   values ('MAT001', '2006-06-14' )
insert into factures   values ('TAC001', '2006-06-14' )
insert into factures   values ('PAO001', '2006-06-14' )
insert into factures   values ('LEC001', '2006-06-24' )
insert into factures   values ('FON001', '2006-06-14' )
insert into factures   values ('JAV001', '2006-06-14' )
insert into factures   values ('BOS001', '2006-06-14' )
insert into factures   values ('AIM001', '2006-06-15' )
insert into factures   values ('ALA001', '2006-06-15' )
insert into factures   values ('BON001', '2006-06-15' )
insert into factures   values ('DAS001', '2006-06-15' )
insert into factures   values ('DEC001', '2006-06-15' )
insert into factures   values ('DES001', '2006-06-24' )
insert into factures   values ('DIN001', '2006-06-15' )
insert into factures   values ('BON001', '2006-06-17' )
insert into factures   values ('COM001', '2006-06-17' )
insert into factures   values ('ABO001', '2006-06-17' )
insert into factures   values ('DAB001', '2006-06-17' )
insert into factures   values ('BOS001', '2006-06-17' )
insert into factures   values ('AIM001', '2006-06-17' )
insert into factures   values ('ARO001', '2006-06-17' )
insert into factures   values ('COG001', '2006-06-18' )
insert into factures   values ('COM001', '2006-06-18' )
insert into factures   values ('DAB001', '2006-06-18' )
insert into factures   values ('DAS001', '2006-06-18' )
insert into factures   values ('DEC001', '2006-06-19' )
insert into factures   values ('DEJ001', '2006-06-19' )
insert into factures   values ('DEM001', '2006-06-19' )
insert into factures   values ('DEP001', '2006-06-20' )
insert into factures   values ('FON001', '2006-06-19' )
insert into factures   values ('GRA001', '2006-06-20' )
insert into factures   values ('GON001', '2006-06-20' )
insert into factures   values ('GRA001', '2006-06-21' )
insert into factures   values ('HAI001', '2006-06-21' )
insert into factures   values ('IAC001', '2006-06-21' )
insert into factures   values ('TER001', '2006-06-22' )
insert into factures   values ('OFA001', '2006-06-22' )
insert into factures   values ('SWI001', '2006-06-22' )
insert into factures   values ('ENE001', '2006-06-22' )
insert into factures   values ('OPI001', '2006-06-22' )
insert into factures   values ('MAT001', '2006-06-22' )
insert into factures   values ('ABO001', '2006-06-22' )
insert into factures   values ('DEJ001', '2006-06-22' )
insert into factures   values ('MNA001', '2006-06-22' )
insert into factures   values ('LEC001', '2006-06-22' )
insert into factures   values ('SAH001', '2006-06-24' )
insert into factures   values ('HIS001', '2006-06-24' )
insert into factures   values ('COM001', '2006-06-24' )
insert into factures   values ('TOU002', '2006-06-24' )
insert into factures   values ('ZET001', '2006-06-24' )
insert into factures   values ('DEV001', '2006-06-24' )
insert into factures   values ('ONI001', '2006-06-25' )
insert into factures   values ('PEU001', '2006-06-25' )
insert into factures   values ('TOU001', '2006-06-25' )
insert into factures   values ('DES001', '2006-06-25' )
insert into factures   values ('SAN001', '2006-06-25' )
insert into factures   values ('TOU003', '2006-06-26' )
insert into factures   values ('MNA001', '2006-06-26' )
insert into factures   values ('DEC001', '2006-06-26' )
insert into factures   values ('STI001', '2006-06-26' )
insert into factures   values ('FON001', '2006-06-27' )
insert into factures   values ('DAB001', '2006-06-27' )
insert into factures   values ('SAB001', '2006-06-27' )
insert into factures   values ('DIN001', '2006-06-27' )
insert into factures   values ('IAC001', '2006-06-27' )
insert into factures   values ('ALA001', '2006-06-27' )
insert into factures   values ('COG001', '2006-06-28' )
insert into factures   values ('DEP001', '2006-06-28' )
insert into factures   values ('PAS001', '2006-06-28' )
insert into factures   values ('DER001', '2006-06-28' )
insert into factures   values ('DEM001', '2006-06-28' )
insert into factures   values ('EPR001', '2006-06-28' )
insert into factures   values ('TIN001', '2006-06-28' )
insert into factures   values ('DAS001', '2006-06-28' )
insert into factures   values ('IKA001', '2006-06-29' )
insert into factures   values ('AIM001', '2006-06-29' )
insert into factures   values ('ZEB001', '2006-06-29' )
insert into factures   values ('OPO001', '2006-06-29' )
insert into factures   values ('TAC001', '2006-06-29' )
insert into factures   values ('TER002', '2006-06-29' )
insert into factures   values ('BOS001', '2006-06-29' )
insert into factures   values ('ARO001', '2006-06-29' )
insert into factures   values ('NIO001', '2006-06-29' )
insert into factures   values ('GON001', '2006-07-01' )
insert into factures   values ('MOI001', '2006-07-01' )
insert into factures   values ('MOI002', '2006-07-01' )
insert into factures   values ('GRA001', '2006-07-01' )
insert into factures   values ('HAI001', '2006-07-01' )
insert into factures   values ('TIN002', '2006-07-01' )
insert into factures   values ('HOC001', '2006-07-02' )
insert into factures   values ('MON001', '2006-07-02' )
insert into factures   values ('PAO001', '2006-07-02' )
insert into factures   values ('TIN003', '2006-07-02' )
insert into factures   values ('JAV001', '2006-07-03' )
insert into factures   values ('BON001', '2006-07-03' )
insert into factures   values ('SUJ001', '2006-07-03' )
insert into factures   values ('ICI001', '2006-07-03' )
insert into factures   values ('ZEB001', '2006-07-03' )
insert into factures   values ('TER001', '2006-07-04' )
insert into factures   values ('TER002', '2006-07-04' )
insert into factures   values ('PAO001', '2006-07-04' )
insert into factures   values ('ICI001', '2006-07-04' )
insert into factures   values ('AIM001', '2006-07-04' )
insert into factures   values ('ONI001', '2006-07-04' )
insert into factures   values ('ZET001', '2006-07-05' )
insert into factures   values ('SAH001', '2006-07-05' )
insert into factures   values ('JAV001', '2006-07-05' )
insert into factures   values ('TIN001', '2006-07-05' )
insert into factures   values ('DEC001', '2006-07-05' )
insert into factures   values ('TAC001', '2006-07-05' )
insert into factures   values ('FON001', '2006-07-05' )
insert into factures   values ('IKA001', '2006-07-05' )
insert into factures   values ('TIN002', '2006-07-06' )
insert into factures   values ('DAB001', '2006-07-06' )
insert into factures   values ('TIN003', '2006-07-06' )
insert into factures   values ('COG001', '2006-07-06' )
insert into factures   values ('DEP001', '2006-07-06' )
insert into factures   values ('LEC001', '2006-07-06' )
insert into factures   values ('MOI001', '2006-07-06' )
insert into factures   values ('BOS001', '2006-07-06' )
insert into factures   values ('NEN001', '2006-07-06' )
insert into factures   values ('ABO001', '2006-07-06' )
insert into factures   values ('DES001', '2006-07-08' )
insert into factures   values ('MAT001', '2006-07-08' )
insert into factures   values ('SAB001', '2006-07-08' )
insert into factures   values ('TOU002', '2006-07-08' )
insert into factures   values ('HOC001', '2006-07-08' )
insert into factures   values ('EPR001', '2006-07-08' )
insert into factures   values ('ENE001', '2006-07-08' )
insert into factures   values ('DIN001', '2006-07-08' )
insert into factures   values ('OPO001', '2006-07-08' )
insert into factures   values ('PEU001', '2006-07-09' )
insert into factures   values ('HAI001', '2006-07-09' )
insert into factures   values ('SWI001', '2006-07-09' )
insert into factures   values ('DEM001', '2006-07-09' )
insert into factures   values ('IAC001', '2006-07-10' )
insert into factures   values ('DEV001', '2006-07-10' )
insert into factures   values ('OFA001', '2006-07-10' )
insert into factures   values ('GRA001', '2006-07-10' )
insert into factures   values ('GON001', '2006-07-10' )
insert into factures   values ('PAS001', '2006-07-10' )
insert into factures   values ('TOU003', '2006-07-11' )
insert into factures   values ('BON001', '2006-07-11' )
insert into factures   values ('MOI002', '2006-07-11' )
insert into factures   values ('COM001', '2006-07-11' )
insert into factures   values ('SUJ001', '2006-07-12' )
insert into factures   values ('ALA001', '2006-07-12' )
insert into factures   values ('NIO001', '2006-07-12' )
insert into factures   values ('DEJ001', '2006-07-12' )
insert into factures   values ('ARO001', '2006-07-12' )
insert into factures   values ('HIS001', '2006-07-12' )
insert into factures   values ('MNA001', '2006-07-12' )
insert into factures   values ('DAS001', '2006-07-12' )
insert into factures   values ('STI001', '2006-07-13' )
insert into factures   values ('DER001', '2006-07-13' )
insert into factures   values ('TOU001', '2006-07-13' )
insert into factures   values ('SAN001', '2006-07-13' )
insert into factures   values ('MON001', '2006-07-13' )
insert into factures   values ('MAT001', '2006-07-13' )
insert into factures   values ('DEJ001', '2006-07-13' )
insert into factures   values ('COG001', '2006-07-13' )
insert into factures   values ('OPI001', '2006-07-13' )
insert into factures   values ('ALA001', '2006-07-13' )
insert into factures   values ('ABO001', '2006-07-15' )
insert into factures   values ('PAS001', '2006-07-15' )
insert into factures   values ('EPR001', '2006-07-15' )
insert into factures   values ('ZET001', '2006-07-16' )
insert into factures   values ('SAH001', '2006-07-16' )
insert into factures   values ('COM001', '2006-07-16' )
insert into factures   values ('HIS001', '2006-07-16' )
insert into factures   values ('ONI001', '2006-07-16' )
insert into factures   values ('PEU001', '2006-07-17' )
insert into factures   values ('DER001', '2006-07-17' )
insert into factures   values ('ENE001', '2006-07-17' )
insert into factures   values ('DES001', '2006-07-17' )
insert into factures   values ('DEM001', '2006-07-17' )
insert into factures   values ('TIN001', '2006-07-17' )
insert into factures   values ('DEC001', '2006-07-18' )
insert into factures   values ('TER001', '2006-07-18' )
insert into factures   values ('NEN001', '2006-07-18' )
insert into factures   values ('SWI001', '2006-07-18' )
insert into factures   values ('TOU002', '2006-07-19' )
insert into factures   values ('LEC001', '2006-07-19' )
insert into factures   values ('SAN001', '2006-07-19' )
insert into factures   values ('DIN001', '2006-07-19' )
insert into factures   values ('DEP001', '2006-07-20' )
insert into factures   values ('DEV001', '2006-07-20' )
insert into factures   values ('SAB001', '2006-07-20' )
insert into factures   values ('STI001', '2006-07-20' )
insert into factures   values ('HIS001', '2006-07-20' )
insert into factures   values ('AIM001', '2006-07-21' )
insert into factures   values ('ARO001', '2006-07-21' )
insert into factures   values ('TOU003', '2006-07-21' )
insert into factures   values ('COM001', '2006-07-21' )
insert into factures   values ('BON001', '2006-07-22' )
insert into factures   values ('ALA001', '2006-07-22' )
insert into factures   values ('ARO001', '2006-07-22' )
insert into factures   values ('BOS001', '2006-07-22' )
insert into factures   values ('ARO001', '2006-07-22' )
insert into factures   values ('ABO001', '2006-07-23' )
insert into factures   values ('AIM001', '2006-07-23' )
insert into factures   values ('AIM001', '2006-07-23' )
insert into factures   values ('ALA001', '2006-07-23' )
insert into factures   values ('AIM001', '2006-07-24' )
insert into factures   values ('TOU003', '2006-07-24' )
insert into factures   values ('ABO001', '2006-07-24' )


-- Table DVD
delete from dvd;
insert into dvd values ('La belle et la bête',10.00,'COC001','FA',1945,'avec Jean Marais, Josette DAY',130 )
insert into dvd values ('Havana',10.00,'POL002','CD',1990,'avec Robert Redford, Lena Olin, Raul Julia - Un gentleman aventurier, entre amour et poker, est pris dans le tourbillon de la révolution cubaine',219 )
insert into dvd values ('Affaires privées',10.00,'FIG001','PO',1989,'avec Richard Gere, Andy Garcia, William Baldwin - Duel mortel entre un flic véreux et un inspecteur de la police des polices',145 )
insert into dvd values ('Eléna et les hommes',10.00,'REN001','CO',1956,'avec Ingrid Bergman, Mel Ferrer, Jean Marais, Jean Richard - Les jeux de l''amour et de la politique dans le Paris de la belle époque',135 )
insert into dvd values ('Sous le ciel de Paris',10.00,'DUV001','CD',1950,'avec Brigitte Auber, Daniel Ivernel, Jean Brochard, Sylvie - La journée exceptionnelle de six personnages aussi différents qu''un sculpteur assassin et une écolière en fugue',152 )
insert into dvd values ('More',10.00,'SCH005','DR',1969,'avec Mimsy Farmer, Klaus Grunberg - La passion d''un étudiant pour une droguée sur la musique des Pink Floyd',152 )
insert into dvd values ('Le lauréat',10.00,'NIC001','CO',1967,'avec Dustin Hoffman, Anne Bancroft - Un étudiant rencontre la femme d''un ami de ses parents qui décide de le séduire',142 )
insert into dvd values ('Green card',10.00,'WEI001','CO',1990,'avec Gérard Depardieu, Andie MacDowell - Un français rêve d''obtenir sa carte de séjour pour lui permettre de travailler légalement à New York. Il fait alors un mariage blanc', 139)
insert into dvd values ('200 000 dollars en cavale',10.00,'SPO001','AV',1981,'avec Robert DUvall, Treat Williams - La fuite mouvementée d''un audacieux pirate de l''air, grand prix au Festival de Cognac : une course poursuite tout terrain',125 )
insert into dvd values ('Retour vers le futur III',10.00,'ZEM001','AV',1990,'avec Michael J. Fox, Christopher Loyd - Une escapade mouvementée au Far West pour nos voyageurs dans le temps, produite par Steven Spielberg',154 )
insert into dvd values ('Le temps des gitans',10.00,'KUS001','DR',1988,'avec Davor Dujmovic, Bora Todorovic - L''itinéraire tendre et tragique d''un jeune gitan, trafic d''enfants et légendes tziganes, prix de la mise en scène à Cannes',217 )
insert into dvd values ('Merci la vie',10.00,'BLI001','CD',1991,'avec Anouk Grinberg, Charlotte Gainsbourg, Gérard Depardieu, Michel Blanc, Jean Carmet - Deux adolescente en cavale sur les routes de la vie et de l''amour ; un zapping sauvage et désespéré',110)
insert into dvd values ('Robocop II',10.00,'KER001','PO',1990,'avec Peter Weller, Nancy Allen - Un justicier de chair et d''acier défié par un androïde infernal ; des combats titanesques dans un monde apocalyptique miné par la pollutionet le drogue',152 )
insert into dvd values ('Delicatessen',10.00,'JEU001','CO',1990,'avec Dominique Pinon, Jean-Claude Dreyfus - Les combines d''un boucher canibale ; humour noir, poésie surréaliste et délire visuel. Recompensé par quatre Césars',136 )
insert into dvd values ('Croque la vie',10.00,'TAC001','CD',1981,'avec Carole Laure, Brigitte Fossey, Bernard Giraudeau - Huit ans d''amitié entre trois copains autour de la trentaine',140 )
insert into dvd values ('Total recall',10.00,'VER002','SF',1990,'avec Arnold Schwarzenegger, Sharon Stone, Michael Ironside - Une odyssée intergalactique, services secrets et manipulations mentales. Oscar des effets spéciaux',149 )
insert into dvd values ('Robocop I',10.00,'VER002','SF',1987,'avec Peter Weller, Nancy Allen - Un policier décédé devient un justicier d''acier',150 )
insert into dvd values ('La belle noiseuse',10.00,'RIV001','CD',1991,'avec Michel Piccoli, Emmanuelle Béart, Jane Birkin - Le face-à-face entre un peintre et son modèle : une exploration des mystères de la création artistique. Grand prix au Festival',210)
insert into dvd values ('La valse des pantins',10.00,'SCO002','CO',1982,'avec Robert de Niro, Jerry Lewis - Une star harcelée par un fan névrosé',144 )
insert into dvd values ('Dans la peau d''une blonde',10.00,'EDW001','CO',1991,'avec Ellen Barkin - Un odieux macho transformé en blonde incendiaire',139 )
insert into dvd values ('Jour de tonnerre',10.00,'SCO004','AV',1990,'avec Tom Crusie, Robert Duvall, Nicole Kidman, Randy Quaid - Un as du volant téméraire, dans le dangereux univer sde scourse de stock-cars, passion, turbo, et tôles froisées à 300 km/h',100)
insert into dvd values ('Le mystère Von Bulow',10.00,'SCH005','DR',1990,'avec Glen Close, Jeremy Irons -  Enquête sur un fait divers énigmatique : un milliardaire est accusé d''avoir tué sa femme',146 )
insert into dvd values ('A nos amours',10.00,'PIA001','DR',1983,'avec Sandrine Bonaire, Maurice Pialat - Portrait d''une jeune fille tourmentée, prix Louis Delluc',136 )
insert into dvd values ('La femme d''à côté',10.00,'TRU001','DR',1981,'avec Fanny Ardant, Gérard Depardieu - Deux anciens amants se retrouvent et renouent leur passion fatale',141 )
insert into dvd values ('Pretty woman',10.00,'MAR001','CO',1990,'avec Richard Gere, Julia Roberts - Un requin de la finance au pied d''une prostituée sentimentale, la métamorphose d''une fille du trottoir en femme du monde',157 )
insert into dvd values ('Dick Tracy',10.00,'BEA001','PO',1990,'avec Warren Beatty, Madonna, Al Pacino - Un incorruptible en guerre contre des gangsters repoussants dans une ville fantastique. Trois Oscars à Hollywood',141 )
insert into dvd values ('Les Doors',10.00,'STO001','MU',1991,'avec Val Kilmer, Meg Ryan, Kevin Dillon, Kyle Maclachlan - La légende tragique de Jim Morrisson, rocker rebelle des années 60, paradis artificiels et descente aus enfers, sexe, drogue et rock''n ',203)
insert into dvd values ('Les amants du Pont-Neuf',10.00,'CAR003','DR',1991,'avec Juliette Binoche, Denis Lavant - Le coup de foudre d''un clochard pour une artiste. L''amour à bout de souffle de deux marginaux à Paris, un voyage poétique dans le quart monde',145)
insert into dvd values ('Desperate hours',10.00,'CIM001','TH',1990,'avec Mickey Rourke, Mimi Rogers, Antony Hopkins - Violence en huis clos pour trois tueurs et quatre otages',141 )
insert into dvd values ('48 heures de plus',10.00,'HIL002','PO',1990,'avec Eddie Murphy, Nick Nolte - Un petit truand à la rescousse d''un flic en danger, un polar haute tension',132 )
insert into dvd values ('Prospero''s book',10.00,'GRE001','DR',1989,'avec John Gielgud, Michael Clark, Michel Blanc, Isabelle Pasco - La vengance d''un vieux magicien, une fantasmagorie d''après Shakespeare',201 )
insert into dvd values ('A la poursuite d''Octobre Rouge',10.00,'MAC001','TH',1989,'avec Sean Connery, Alec Baldwin, Scott Glen, Sam Neill - Un sous-marin soviétique doté de systèmes le rendant indétectable fait route vers les Etats-Unis : guerre ou paix',167)
insert into dvd values ('Urga',10.00,'MIK001','CD',1991,'avec Bayaertu, Badema, Babouchka - L''étonnante amitié entre un berger mondol et un routier russe. Lion d''Or au Festival de Venise',154 )
insert into dvd values ('Bons baisers d''Hollywood',10.00,'NIC001','CD',1990,'avec Meryl Streep, Shirley MacLaine, Dennis Quaid, Gene Hackman, Richard Dreyfuss - Les relations explosives d''une starlette et de sa mère, copu de projecteur sur les coulisses',141)
insert into dvd values ('Jusqu''au bout du monde',10.00,'WEN001','SF',1991,'avec William Hurt, Sam Neill, Jeanne Moreau - Une fable d''anticipation sur le pouvoir des images',248 )
insert into dvd values ('Fenêtre sur Pacifique',10.00,'SCH003','TH',1990,'avec Melanie Griffith, Matthew Modine, Michael Keaton, Tippi Hedren - Un couple de yuppies persécuté par un locataire fou, terreur à tous les étages, une descente aux enfers',138 )
insert into dvd values ('La compagnie des loups',10.00,'JOR001','FA',1984,'avec Angela Lansbury, David Warner - Variations inquiétantes autour du grand méchant loup, les cauchemars troublants d''une adolescente',131 )
insert into dvd values ('Une époque formidable',10.00,'JUG001','CD',1991,'avec Richard Boringer, Gérard Jugnot, Ticky Holgado, Chick Ortega, Victoria Abril - Voyage au bout de la dèche pour un apprenti clodo : un cadre chez les rmistes',133 )
insert into dvd values ('Europa',10.00,'TRI001','DR',1991,'avec Jean-Marc Barr, Barbara Sukowa - Un jeune américain revient, juste après la guerre, dans l''Allemagne que ses parents avaient fuie : une fresque cruelle et insolite. Primé à Cannes',148 )
insert into dvd values ('La servante éclatante',10.00,'SCH001','SF',1989,'avec Faye Dunaway, Natacha Richardson - Des mères porteuses asservies par un état totalitaire, un cauchemar de politique-fiction mené par une femme de tête machiavélique',144 )
insert into dvd values ('Gremlins 2 : la nouvelle génération',10.00,'DAN001','FA',1990,'avec Christopher Lee - une armée de créatures furibardes à l''assaut de New York : un cauchemar mené tambour battant par des centaines de gnomes hirsutes',142 )
insert into dvd values ('Les3moutquetaires',10.00,'BOR001','AV',1961,'avec Gérard Barray, Georges Descrières  D''Artagnan en mission secrète pour la Reine',140 )
insert into dvd values ('Les trois mousquetaires : la vengance ',10.00,'BOR001','AV',1961,'avec Gérard Barray - Les mousquetaires entre les griffes d''une dangereuse espione',135 )
insert into dvd values ('Les branches de l''arbre',10.00,'RAY001','CD',1990,'avec Ajit Bannerjee, Haadan Bannerjee - Décadence morale et corruption : le portrait amère de la société indienne',157 )
insert into dvd values ('Chérie, j''ai rétréci les gosses',10.00,'JOH001','CD',1989,'avec Rick Moravis - Les aventures de quatre enfants miniaturisés par leur père, un savant excentrique. Des expéditions à dos de fourni sur la pelouse de tous les dangers.',147)
insert into dvd values ('Mayrig',10.00,'VER001','CD',1991,'avec Omar Sharif, Claudia Cardinale - Chronique d''une famille d''imigrants arméniens d''après le best-seller autobiographique d''Henri Verneuil',214 )
insert into dvd values ('Ghost',10.00,'ZUC001','CD',1990,'avec Patrick Swayze, Demi Moore, Whoopi Goldberg - Invisible aux yeux de ceux qui l''entourent, un homme, transformé en fantome après sa mort, tente de sauver la femme de sa vie',202 )
insert into dvd values ('Mo''better blues',10.00,'LEE001','CD',1989,'avec Denzel Washington, Spike Lee, Wesley Snipes - Un jazzman entre l''amour de la musique et sa passion pour deux femmes : swing, humour et émotion',204 )
insert into dvd values ('Présumé innocent',10.00,'PAK001','TH',1990,'avec Harrison Ford, Brian Dennehy, Raul Julia, Bonnie Bedelia, Greta Scacchi - Un procureur au dessus de tous soupçon accusé du meurtre d''une ancienne maîtresse.',202 )
insert into dvd values ('La neige et le feu',10.00,'PIN001','DR',1991,'avec Vincent Perez, Géraldine Pailhas - Deux adolescents épris de la même fille pendant les combats de la libération',201 )
insert into dvd values ('High spirits',10.00,'JOR001','CF',1988,'avec Peter O''Toole, Daryl Hannah, Liam Neeson - Vacances organisées dans un château hanté, une drôle d''histoire d''amour entre un américain et une revenante',133 )
insert into dvd values ('Milliardaire d''un jour',10.00,'CAP001','CO',1961,'avec Glenn Ford, Bette Davis, Peter Falk - Une clocharde transformée en dame de la haute société',211 )
insert into dvd values ('Le diable au corps',10.00,'AUT001','DR',1947,'avec Gérard Philipe, Micheline Presle - Un amour interdit en temps de guerre',157 )
insert into dvd values ('Le dernier combat',10.00,'BES001','SF',1982,'avec Pierre Jolivet, Jean Reno, Jean Bouise - La survie après la bombe, le premier film primé à Cannes',129 )
insert into dvd values ('La guerre du feu',10.00,'ANN001','AV',1981,'avec Everett MacGill - La vie d''une tribu de la préhistoire',137 )
insert into dvd values ('Les affranchis',10.00,'SCO002','PO',1990,'avec Robert de Niro, Ray Liotta, Joe Pesci - L''ascension d''un petit mafioso new-yorkais : chronique de la mafia au quotidien, entre violence et ironie. Prix de la mise en scène à Venise. Os',157)
insert into dvd values ('Maman, j''ai raté l''avion',10.00,'COL001','CO',1990,'avec Macaulay Culkin, Joe Pesci - Un gamin contre deux pieds nickelés de la cambriole : bêtises en série et aventures à domicile pour un héros en culottes courtes',139 )
insert into dvd values ('L''affaire Wallraff',10.00,'ROT001','TH',1990,'avec Jurgen Prochnow, Nathalie Baye, Peter Coyote - Enquête clandestine au sein d''une journal à scandales, d''après l''expérience réelle du journaliste caméléon Günter Wallraff',135 )
insert into dvd values ('Rage in Harlem',10.00,'DUK001','PO',1991,'avec Forest Whitaker, Gregory Hines, Robin Givens, Danny Glover - Un croque-mort naïf dans le collimateur de gangsters : course au trésor, femme fatale et black micmac à harlem',144 )
insert into dvd values ('L''amie mortelle',10.00,'CRA001','FA',1986,'avec Matthew Laborteaux, Kristy Swanson - Carnage, amour et terreur pour une jolie ressuscitée',127 )
insert into dvd values ('Les griffes de la nuit',10.00,'CRA001','FA',1990,'avec ... - Les premières aventure de Freddy Kruger',130 )
insert into dvd values ('Memphis belle',10.00,'CAT001','DR',1990,'avec Matthew Modine, Eric Stoltz - La dernière mission d''un bombardier mythique et de son équipage téméraire : un acte d''héroïsme étonnant de la seconde guerre mondiale',143 )
insert into dvd values ('Tout pour réussir',10.00,'BOO001','CO',1990,'avec Uma Thurman, Suzy Amis - Trois enfants de milliardaire abandonnés : du cocon familial au squatt communautaire',143 )
insert into dvd values ('L''expérience interdite',10.00,'SCH007','FA',1990,'avec Julia Roberts, Keiffer Sutherland, Kevin Bacon, William Baldwin, Oliver Platt - Des étudiants en médecine volontaires pour un voyage aux frontières de l''au-delà : émotions et s',157)
insert into dvd values ('588, rue du Paradis',10.00,'VER001','CD',1991,'avec Claudia Cardinale, Omar Sharif, Richard Berry - Un homme de théâtre écartelé entre ses racines arméniennes et sa réussite parisienne, la suite de Mayrig',200 )
insert into dvd values ('Un thé au Sahara',10.00,'BER001','DR',1990,'avec Debra Winger, John Malkovich - Un couple à la dérive dans les sables du désert : expériences sensuelle et quête de vérité',213 )
insert into dvd values ('Miller''s crossing',10.00,'COE001','PO',1990,'avec Gabriel Byrne, John Turturo, Albert Finney - Guerre des gangs pendant la prohibition : violence, maniipulations, le film noir dynamité avec humour',151 )
insert into dvd values ('Comme un oiseau sur la branche',10.00,'BAD001','CP',1990,'avec Mel Gibson, Goldie Hawn, David Carradine - Un ancien baba cool et une avocate sophistiquée poursuivis par deux gangsters ivres de vengance : une course poursuite endiab',157)
insert into dvd values ('Les aventures de Till l''espiègle',10.00,'PHI001','AV',1956,'avec Gérard Philippe, Jean Carmet, Jean Vilar - Une révolte menée par un jeune flamand dans la Flandre envahie par les Espagnols',125 )
insert into dvd values ('Le silence des agneaux',10.00,'DEM003','TH',1991,'avec Jodie Foster, Anthony Hopkins, Scott Glenn - Chassés-croisés morbides entre un psychiatre cannibale, une novice du FBI et un tueur psychopathe : bras de fer psychologique et de',157)
insert into dvd values ('Le pas suspendu de la cigogne',10.00,'ANG001','DR',1991,'avec Marcello Mastroianni, Jeanne Moreau - Rêves et désillusions de réfugiés dans une ville frontalière : une fable sur le désenchantement',217 )
insert into dvd values ('Alice',10.00,'ALL001','CO',1990,'avec Mia Farrow, Joe Mantegna, William Hurt - Ballade au bout des rêves pour une bourgoise coincée grace à une potion magique : une satire de la bourgeoisie new-yorkaise',142 )
insert into dvd values ('Mon père, ce héros',10.00,'LAU003','CO',1991,'avec Gérard Depardieu, Marie Gillain, Catherine Jacob, Charlotte de Turckheim - Un papa poule, divorcé et balourd, se voit manipulé par sa fille pendant des vacances sous les Tropiques ',157)
insert into dvd values ('LA VEUVE COUDERC',10.00,'GRA001','DR',1971,'avec Simone Signoret, Alain Delon',123 )
insert into dvd values ('Predator II',10.00,'HOP001','SF',1990,'avec Danny Glover, Bill Paxton - Partie de chasse sanglante sur Terre pour un monstre extraterrestre : un flic sans peur et sans reproche fait une traque sauvage dans le Los Angleles de demain',157)
insert into dvd values ('L''éveil',10.00,'MAR002','DR',1990,'avec Robert de Niro, Robin Williams, Penelope Ann Miller - Le traitement de choc d''un docteur pour sauver son patient, cloué dans un fauteuil roulant : une histoire vraie',156 )
insert into dvd values ('Le Parrain III',10.00,'COP001','DR',1990,'avec Al Pacino, Diane Keaton, Talia Shire, Andy Garcia - Vendettas et crimes sanglants dans l''univers du vatican pour le dernier volet de la saga des Corleone',243 )
insert into dvd values ('Trois frères',10.00,'ROS002','DR',1980,'avec Charles Vanel, Philippe Noiret, Vittorio Mezzogiorno, Andréa Ferreol - Terrorisme, famille et syndicalisme : autopsie d''une Italie en crise',153 )
insert into dvd values ('Que la fête commence',10.00,'TAV001','DH',1974,'avec Philippe Noiret, Jean Rochefort, Jean-Pierre Marielle, Christine Pascal - Les premiers vacillements de la monarchie : les années folles de la régence',155 )
insert into dvd values ('Le juge et l''assassin',10.00,'TAV001','DR',1976,'avec Michel Galabru, Philippe Noiret, Isabelle Huppert, Jean-Claude Brialy - Un juge arriviste face à un meurtrier illuminé',202 )
insert into dvd values ('Danse avec les loups',10.00,'COS001','WE',1990,'avec Kevin Costner, Marie MacDonnell, Graham Greene - Le retour aux sources d''un soldat traumatisé par la guerre de sécession : choc de cultures et métamorphose d''un blanc en territoi',157)
insert into dvd values ('La guerre dans nom',10.00,'TAV001','DO',1992,'La guerre d''Algérie racontée par une trentaine d''appelés après trente ans de silence. une page taboue de l''histoire de la France contemporaine évoquée avec émotion',357 )
insert into dvd values ('Les rois du soleil',10.00,'LEE002','AV',1963,'avec Yul Brynner, Georges Chakiris - Une rencontre choc entre Mayas et Peaux-Rouges sur le sentier de la guerre',148 )
insert into dvd values ('Un flic à la maternelle',10.00,'REI001','CO',1990,'avec Arnold Schwarzenegger, Penelope Ann Miller, Linda Hunt - Un flic s''imporvise instituteur pour recueillir le témoignage de la femme d''un trafiquant de drogue : Monsieur Muscles',157)
insert into dvd values ('Bienvenue au Paradis',10.00,'PAR001','DR',1990,'avec Denis Quaid, Tamlyn Tomita - Des camps de détention pour japonais aux Etats-Unis : une passion mouvementée d''un américain pour une japonaise après Pearl Harbor',207 )
insert into dvd values ('Rage',10.00,'GYL001','DR',1991,'avec Dennis Hopper, Barbara Hershey, Ed Harris - Crime raciste commis dans le sud des Etats-unis par un petit notable paranoïaque : portrait d''un salaud intégral',136 )
insert into dvd values ('J''embrasse pas',10.00,'TEC001','DR',1991,'avec Manuel Blanc, Emmanuelle Béart, Philippe Noiret - Le parcours initiatique d''un provincial paumé, au bout de la nuit parisienne et de la prostitution',151 )
insert into dvd values ('Troubles',10.00,'PET001','TH',1990,'avec Tom Berenger, Bob Hoskins, Gretta Scacci, Joanne Whalley-Kilmer - Un homme à la recherche de son identité : amnésie, femme fatale, passé mystérieux, fausses pistes et rebondissements en chaî',157)
insert into dvd values ('Docteurs in love',10.00,'MAR001','CO',1982,'avec Michael MacKean, Sean Young, Harry Dean Stanton - Folies à tous les étages dans un hopital farfelu : les aventures d''une bande de jeunes internes azimutés, maladie d''amour et cure de',157)
insert into dvd values ('Diên Biên Phu',10.00,'SCH004','GU',1991,'avec Donald Pleasence, Ludmila Mikael, Jean-François Balmer - Reconstitution d''un bataille décisive de la guerre d''Indochine',207 )
insert into dvd values ('Music box',10.00,'COS001','DR',1989,'avec Jessica Lange, Armin Muelle-Stahl, Frederic Forrest - Douloureuse question des criminels de guerre réfugiés aux Etats-Unis : près de 10 000 nazis ont bénéficié de l''aide des services secret',157)
insert into dvd values ('Etrange séduction',10.00,'SCH006','DR',1990,'avec Christopher Walken, Natasha Richardson, Rupert Everett - Séduction et piège mortel à Venise pour un couple à la dérive',141 )
insert into dvd values ('Tous les matins du monde',10.00,'COR001','DR',1991,'avec Jean-Pierre Marielle, Gérard Depardieur, Guillaume Depardieu, Anne Brochet - L''affrontement passionnel entre un musicien austère, Monsieur de Sainte-Colombre, et son disciple',157)
insert into dvd values ('Ma vie est un enfer',10.00,'BAL001','CO',1991,'avec Josiane Balasko, Daniel Auteuil, Richard Berry, Catherine Samie - Une vieille fille coincée métamorphosée en bombe sexuelle grace à un diablotin en quête d''avancement en enfer',157)
insert into dvd values ('L''année de plomb',10.00,'FRA001','TH',1991,'avec Andrew MacCarthy, Sharon Stone - Un journaliste trop imaginatif dans le collimateur des terroristes : chasse à l''homme dans une Italie en état de choc',148 )
insert into dvd values ('Van Gogh',10.00,'PIA001','DR',1991,'aves Jacques Dutronc, Gérard Sety, Bernard Le Coq, Elsa Zylberstein - Les derniers mois de Vincent Van Gogh à Auvers-sur-Oise',233 )
insert into dvd values ('Allo Maman, c''est encore moi',10.00,'HEC001','CO',1990,'avec John Travolta, Kristy Alley - Les avantures d''un bébé philosophe et de sa petite soeur catastrophe : humour dans un couffin et complications familiales en tous genre',110)
insert into dvd values ('58 minutes pour vivres',10.00,'HAR001','AC',1990,'avec Bruce Willis, Franco Nero - Poursuites infernales, cascades spectaculaires et combats sanglant dans un aéroport à la merci de mercenaires',158 )
insert into dvd values ('Revenge',10.00,'SCO004','CD',1989,'avec Kevin Costner, Antony Quinn, Madeleine Stone - La femme d''un parrain séduite par un aventurier : un duel sans merci',159 )
insert into dvd values ('Le bal des casse-pieds',10.00,'ROB001','CO',1992,'avec Jean Rochefort, Miou Miou, Jean Carmet, Victor Lanoux, Valérie Lemercier - Quand une ribambelle d''enquiquineurs débarque : du pot de colle au rabat-joie en passant par le troub',157)
insert into dvd values ('La nurse',10.00,'FRI001','FA',1990,'avec Jenny Seagrove, Carey Lowell - Une nourrice possédée et des sacrifices humains dans une nature infernale',129 )
insert into dvd values ('Après l''amour',10.00,'KUR002','CD',1991,'avec Isabelle Huppert, Hyppolyte Girardot, Bernard Gireaudeau, Lio - Les chassés-croisés sentimentaux d''une génération désabusée : chronique du couple des années 90',141 )
insert into dvd values ('MY OWN PRIVATE IDAHO',10.00,'VAN002','DR',1991,'avec River Phoenix, Keanu Reeves - L''équipée sauvage de deux jeunes gigolos : une quête initiatique dans l''amérique marginale',140 )
insert into dvd values ('La tour de Nesle',10.00,'GAN001','DH',1954,'avec Pierre Brasseur, Sylvana Pampanini - Une reine meurtrière piégée par un amant cruel',200 )
insert into dvd values ('Sex-shop',10.00,'BER002','CO',1972,'avec Claude Berri, Juliet Berto, Jean-Pierre Marielle, Nathalie Delon -  Les mésaventures d''un libraire après sa reconversion en tenancier de sex-shop',135 )
insert into dvd values ('La maison du sourire',10.00,'FER001','CD',1991,'avec Ingrid Thulin, Dado Ruspoli - Amour à l''hospice : lune farce décapante Ours d''Or à Berlin',131 )
insert into dvd values ('Point break, extrême limite',10.00,'BIG001','PO',1991,'avec Patrick Swayze, Keanu Reeves - Bras de fer sur les vagues déchaînées du pacifique entre un novice du FBI et un braqueur new age, sportif et kamikaze : un hymne au dépassem',157)
insert into dvd values ('Ville à vendre',10.00,'MOC001','CO',1991,'avec Tom Novembre, Valérie Mairesse, Michel Serrault, Jacqueline Maillan, Richard Bohringer, Eddy Mitchell - Magouilles et meurtres à la pelle dans une drôle de cité fantôme',141 )
insert into dvd values ('Les nuits avec mon ennemi',10.00,'RUB001','TH',1990,'avec Juila Roberts, Patrick Bergin - Le cauchemar d''un femme terrorisée par un mari brutal et obsessionnel : une femme victime d''un amour malade, entre prison dorée et instinct d',157)
insert into dvd values ('Toutes peines confondues',10.00,'DEV001','PO',1991,'avec Patrick Bruel, Jacques Dutronc, Mathilda May - Un trio en perdition sur les bords du lac de Zurich : un flic, un truand et une épouse au passé mystérieux voyagent dans le lab',157)
insert into dvd values ('China girl',10.00,'FER002','DR',1987,'avec James Russo, Richard Panebianco, Sari Chang - Roméo et Juliette dans les rues de New York : l''idylle impossible de deux adolescents dans un monde d''intolérance et de violence',127 )
insert into dvd values ('L''homme de ma vie',10.00,'TAC001','CO',1991,'avec Maria de Medeiros, Jean-Pierre Bacri, Thierry Fortineau - La chasse au mari comme emploi à plein temps : les rêves de reconversion d''une chômeuse mutine en épouse modèle',139 )
insert into dvd values ('La gamine',10.00,'PAL001','CP',1991,'avec Johnny Haliday, Maïwenn, Jean-François Stévenin - Les tribulations d''un tandem calamiteux : une insupportable peste accusée de meurtre et son chaperon',125 )
insert into dvd values ('LA MANIÈRE FORTE',10.00,'BAD001','PO',1990,'avec Michael J. Fox, James Woods - Un flic hargneux et une star tête-à-claque aux trousses d''un tueur en série : cascades, gags et enquête musclée dans les quartiers chauds de New York',157)
insert into dvd values ('EPOUSES ET CONCUBINES',10.00,'YIM001','DR',1991,'avec Gong Li - Haines et rivalités entre les quatre épouses d''un seigneur : une dénonciation de la Chine féodale, le destin tragique d''une jeune femme rebelle. Lion d''Argent à la Mos',157)
insert into dvd values ('JUNGLE FEVER',10.00,'LEE001','CD',1990,'avec Wesley Snipes, Annabella Sciorra, Spike Lee - un yuppie noir amoureux d''une italo-américaine : scandale  autour d''une liaison en noir et blanc',207 )
insert into dvd values ('TWIN PEAKS',10.00,'LYN001','FA',1992,'avec Kyle Maclachlan, Sheryl Lee - Chronique hallucinée d''une ville américaine en proie aux forces du mal : sexe, drogue et dépravation',215 )
insert into dvd values ('THE TWO JAKES',10.00,'NIC002','PO',1990,'avec Jack Nicholson, Harvey Keitel, Eli Wallach - Un privé piégé par une enquête tortueuse : spéculations, femmes fatales et complots',212 )
insert into dvd values ('LE CHOIX D''AIMER',10.00,'SCH007','DR',1991,'avec Julia Roberts, Campbell Scott - L''amour au seuil de la mort : tendre passion entre un riche leucémique et une paumée au grand coeur',147 )
insert into dvd values ('TERMINATOR II, LE JUGEMENT DERNIER',10.00,'CAM001','SF',1991,'avec Arnold Swarzenegger, Robert Patrick, Linda Hamilton - Le retour sur Terre du Terminator : cette fois-ci, il doit sauver un enfant. Récompensé par trois Oscars',212)
insert into dvd values ('FX2, EFFETS TRÈS SPÉCIAUX',10.00,'FRA002','PO',1991,'avec Bryan Brown, Brian Dennehy - Un as du trucage aux prises avec la pègre et des policiers véreux : course contre la mort, farces et attrapes et trafic d''art',144 )
insert into dvd values ('A PROPOS D''HENRY',10.00,'NIC001','CD',1991,'avec Harisson Ford, Annette Bening - La métamorphose d''un avocat cynique en innocent au coeur tendre après avoir frôlé la mort : itinéraire d''un arriviste purifé par l''épreuve, d''un amnés',157)
insert into dvd values ('KAFKA',10.00,'SOD001','DR',1991,'avec Jeremy Irons, Alec Guiness, Theresa Russell - Enquête délirante à Prague : un écrivain tourmenté dans une ville en proie aux forces du mal',135 )
insert into dvd values ('THE COMMITMENTS',10.00,'PAR001','CD',1991,'avec Robert Arkins, Angeline Ball - L''épopée musicale de jeunes chômeurs dublinois : rage de vivre, coups de gueule et rythm''n blues, portrait d''un groupe sur fond de crise',153 )
insert into dvd values ('THE WALL',10.00,'PAR001','MU',1982,'avec Bob Geldof, Christine Hargreaves - Une star à la dérive sur fond de musique des Pink Floyd',131 )
insert into dvd values ('LA TOTALE',10.00,'ZID001','CE',1991,'avec Thierry Lhermitte, Miou Miou, Michel Boujenah, Eddy Mitchell - Le détournement des services secrets par un mari jaloux : une enquête loufoque pour deux espions sur la piste d''un embobineur ',157)
insert into dvd values ('LUNA PARK',10.00,'LOU001','CD',1991,'avec Oleg Borisov, Andreï Goutine - Un zonard raciste confronté à ses origines juives : une virée brutale dans Moscou en perdition',146 )
insert into dvd values ('FACES',10.00,'CAS001','CD',1968,'avec Gena Rowlands, John Marley - Fous rires et désespoirs : un chassé-croisé pour un couple à la dérive',205 )
insert into dvd values ('UNE FEMME SOUS INFLUENCE',10.00,'CAS001','CD',1975,'avec Gena Rowlands, Peter Falk - Femme mariée au bord de la folie : récit d''une aliénation au quotidien',221 )
insert into dvd values ('L''AMANT',10.00,'ANN001','CD',1991,'avec Jane March, tony Leung - Brève histoire d''amour sur les bords du Mekong : la passion physique et sans issue d''une jeune lycéenne française et d''un riche chinois adapté du roman de Marguerite ',157)
insert into dvd values ('FISHER KING, LE ROI PÊCHEUR',10.00,'GUI001','CD',1993,'avec Robin Williams, Jeff Bridges - La métamorphose d''un disc-jockey cynique en enge gardien d''un sans-abri en quête du graal dans les bas-fonds new-yorkais. Un Oscar',212 )
insert into dvd values ('RHAPSODIE EN AOÛT',10.00,'KUR001','CD',1991,'avec Richard Gere, Sachiko Murase - Souvenirs tragiques et gais d''une grand-mère de Nagasaki : quatre adolescents face au traumatisme de la bombe',134 )
insert into dvd values ('ROCKETEER',10.00,'JOH001','AV',1991,'avec Bill Campbell, Jennifer Connelly, Timithy Dalton - Les aventures d''un homme-fusée traqué par le FBI, une star et des espions nazis : une course contre la mort, amour et science-fiction dans',157)
insert into dvd values ('ROBIN DES BOIS, PRINCE DES VOLEURS',10.00,'REY001','AV',1990,'avec Kevin Costner, Morgan Freeman, Alan Rickman,  Marie Elizabeth Mastrantonio, Christian Slater - Robin des bois, de retour des croisades, en selle dans la forêt de Sh',157)
insert into dvd values ('L''INCONNU DANS LA MAISON',10.00,'LAU001','PO',1992,'avec Jean-Paul Belmondo, Cristina Reali, François Perrot - Le sursaut d''un avocat alcoolique mêlé à une affaire criminelle dans la jeunesse dorée de province : drogue, délation et',157)
insert into dvd values ('DRUGSTRORE COW-BOY',10.00,'VAN002','CD',1989,'avec Matt Dillon, Kelly Lynch - L''épopée sombre de qutre drogués braqueurs de pharmacie dans les années 70',138 )
insert into dvd values ('RADIO CORBEAU',10.00,'BOI001','PO',1988,'avec Claude Brasseur, Pierre Arditi, Christine Boisson - La psychose engendrée, dans une ville de province, par un maître-chanteur qui dénonce, sur une radio locale, les magouilles des notab',157)
insert into dvd values ('LA FAMILLE ADAMS',10.00,'SON001','FA',1991,'avec Raul Julia, Anjelica Huston, Christopher Lloyd - Les divagations et les délires d''une famille aimablement monstrueuse, des gags macabres, du romantisme et des effets spéciaux tiré d''',157)
insert into dvd values ('RETOUR A HOWARDS END',10.00,'IVO001','CD',1991,'avec Anthony Hopkins, Emma Thompson, Vanessa Redgrave - Les destins de deux familles de la bourgeoisie anglaise aux valeurs opposées : passions, conventions et trahison dans une subti',157)
insert into dvd values ('ROSEMARY''S BABY',10.00,'POL001','FA',1968,'avec Mia Farrow, John Cassavetes - Magie noire à Manhattan : une femme enceinte terrorisée par des sorciers',212 )
insert into dvd values ('LUNES DE FIEL',10.00,'POL001','DR',1991,'avec Peter Coyote, Emmanuelle Seigner, Hugh Grant, Kristin Scott-Thomas - Croisière en eaux troubles sur l''Adriatique : un couple innocent sous l''emprise de deux amants damnés',214 )
insert into dvd values ('FRANKIE ET JOHNNY',10.00,'MAR001','CD',1991,'avec Michelle Pfeiffer, Al Pacino - La rencontre d''une serveuse et d''un cuisinier dans un boui-boui new-yorkais',153 )
insert into dvd values ('LE SOUS-SOL DE LA PEUR',10.00,'CRA001','HO',1991,'avec Brandon Adams, Everett MacGill - Un gamin du ghetto prisonnier d''un couple de détraqués : piège mortel dans un manoir infernal',138 )
insert into dvd values ('BOYZ''N THE HOOD, LA LOI DE LA RUE',10.00,'SIN001','DR',1991,'avec Larry Fishburne, Ice Cube - Trois adolescents dans l''enfer du ghetto noir de Los Angeles : crack, rap et désespoir ; un cri d''alarme d''un jeune réalisateur de 22 ans',157)
insert into dvd values ('LE PETIT HOMME',10.00,'FOS001','CD',1991,'avec Jodie Foster, Dianne West, Harry Connick Jr - La solitude d''un surdoué tiraillé entre sa mère et son éducatrice',136 )
insert into dvd values ('BUGSY',10.00,'LEV001','CD',1991,'avec Warren Beatty, Annette Bening, Harvey Keitel, Ben Kingsley, Elliot Gould - Les rêves de gloire d''un caïd de la pègre fasciné par Hollywood au point de créer le futur Las Vegas en plein désert, ',157)
insert into dvd values ('LE LOCATAIRE',10.00,'POL001','DR',1976,'avec Roman Polansky, Isabelle Adjani - Un modeste émigré polonais se trouve confronté à l''hostilité de ses voisins xénophobes',205 )
insert into dvd values ('L''OEIL QUI MENT',10.00,'RUI001','FA',1992,'avec Didier Bourdon, John Hurt - Des phénomènes irrationnels dans un village portugais au début du siècle',137 )
insert into dvd values ('LE SOUPER',10.00,'MOL001','CD',1992,'avec Claude Brasseur, Claude Rich - Les intrigues de Talleyrand et Fouché au soir de Waterloo : un duel verbal entre deux monstres du pouvoir',129 )
insert into dvd values ('LE DERNIER SAMARITAIN',10.00,'SCO004','PO',1991,'avec Bruce Willis, Damon Wayans - Un privé déchu et un black en colère en guerre contre le crime et le corruption : une sombre enquête dans les coulisse du football américain',142 )
insert into dvd values ('L''ACCOMPAGNATRICE',10.00,'MIL001','CD',1992,'avec Romane Bohringer, Elena Safonova, Richard Bohringer - La fascination d''une jeune pianiste pour une diva pendant l''occupation',147 )
insert into dvd values ('LA PETITE APOCALYPSE',10.00,'COS001','CO',1992,'avec André Dussolier, Pierre Arditi - Un romancier de l''Est vampirisé par deux soixante-huitards embourgeoisés : portrait grinçant de la gauche caviar',147 )
insert into dvd values ('MEDECINE MAN',10.00,'MAC001','AV',1991,'avec Sean Connery, Lorraine Bracco - Un médecin à la recherche d''un vaccin contre le cancer dans la jungle amazonienne',142 )
insert into dvd values ('LES AVENTURES DE L''HOMME INVISIBLE',10.00,'CAR004','FA',1991,'avec Chevy Chase, Sam Neil, Daryl Hannah - Les déboires d''un golden boy transparent',135 )
insert into dvd values ('1492, CHRISTOPHE COLOMB',10.00,'SCO003','AV',1992,'avec Gérard Depardieu, Armand Assante, Sigourney Weaver, Fernando Rey, Angela Molina, Tcheky Kario - En route vers le nouveau monde : grandeur et misère d''un navigateur de génie br',157)
insert into dvd values ('AGANTUK, LE VISITEUR',10.00,'RAY001','CD',1991,'avec Uptal Dutt, Mamata Shankar - Le retour d''un oncle bourlingueur dans une famille indienne bourgeoise',155 )
insert into dvd values ('BASIC INSTINCT',10.00,'VER002','PO',1991,'avec Sharon Stone, Michael Douglas - Les jeux mortels d''une romancière soupçonnée de meurtre et d''un flic désabusé : un polar au parfum de scandale',203 )
insert into dvd values ('BILLY BATHGATE',10.00,'BEN001','PO',1991,'avec Dustin Hoffman, Nicole Kidman, Loren Dean, Bruce Willis - Premiers pas dans la mafia ou l''éduction criminelle d''un gosse das rues par un caïd de la pègre dans le bronx des années 30',100)
insert into dvd values ('LA FERME DE LA TERREUR',10.00,'CRA001','HO',1981,'avec Maren Jensen, Sharon Stone, Ernest Borgnine - Mystères sanglants autour d''une secte de fanatiques',138 )
insert into dvd values ('LE PRINCE DES MARAIS',10.00,'STR001','CD',1991,'avec Barbra Streisand, Nick Nolte - Les confessions boulversantes d''un sudiste écorché à une psy new-yorkaise : enfance brisée, rédemption et passion romanesque',207 )
insert into dvd values ('THE PLAYER',10.00,'ALT001','CD',1991,'avec Tim Robbins, Greta Scacchi, Whoppy Goldberg - Un production aux dents longues : une vision décapante de l''univers des studios, deux fois primé à Cannes',159 )
insert into dvd values ('THE CRYING GAME',10.00,'JOR001','DP',1992,'avec Forest Whitaker, Miranda Richardson - Un combattant de l''IRA pris au piège des apparences et des sentiments : une passion vénéneuse et singulière récompensé par un Oscar',148 )
insert into dvd values ('UN COEUR EN HIVER',10.00,'SAU001','CD',1991,'avec Andrée Dussolier, Daniel Auteuil, Emmanuelle Béart, Elizabeth Bourgine - La musique mélancolique d''un trio désaccordé : une violoniste et deux luthiers, récompensé par un Lio d''Arge',157)
insert into dvd values ('L.627',10.00,'TAV001','PO',1992,'avec Didier Bezace, Charlotte Kady, Jean-Roger Milo - Portrait sans retouche d''une brigade des stups : le quotidien des flics de l''ombre, une plongée réaliste dans le milieu de la came',220 )
insert into dvd values ('LES NERFS À VIF',10.00,'SCO002','TH',1991,'avec Robert de Niro, Nick Nolte, Jessica Lange - Un psychopate sadique, ivre de vengeance après quatorze ans de prison, persécute son avocat',203 )
insert into dvd values ('ARIZONA DREAM',10.00,'KUS001','CD',1992,'avec Johnny Depp, Faye Dunaway, Jerry Lewis - Macines volantes, cadillac roses et poissons planants : le rêve américain dynamité entre folie douce et mélancolie',215 )
insert into dvd values ('ARRÊTE OU MA MERE VA TIRER',10.00,'SPO001','CO',1991,'avec Sylvester Stallone, Estelle Getty - Chasse au truand par une carte vermeil',124 )
insert into dvd values ('LA CITE DE LA JOIE',10.00,'JOF001','CD',1991,'avec Patrick Swayze, Om Puri - La métamorphose d''un médecin américain à la dérive, au coeur d''un bidonville à Calcutta: une grande fresque humaniste',209 )
insert into dvd values ('LES FANTÔMES DU CHAPELIER',10.00,'CHA001','PO',1982,'avec Michel Serrault, Charles Aznavour - L''histoire d''un étrangleur aux allures de notable',156 )
insert into dvd values ('MORTELLE RANDONNÉE',10.00,'MIL001','PO',1982,'avec Michel Serrault, Isabelle Adjani - Entre inceste et folie, un détective privé complice secret des crimes d''une jeune fille',136 )
insert into dvd values ('HOOK',10.00,'SPI001','AV',1991,'avec Dustin Hoffman, Robin Williams, Julia Roberts, Bob Hoskins, Maggie Smith - Peter Pan, quadragénaire désabusé, à la recheche de son enfance perdue',216 )
insert into dvd values ('OMBRES ET BROUILLARD',10.00,'ALL001','CD',1991,'avec Woody Allen, Kathy Bates, John Malkowich, Mia Farrow - Crimes et délires : un étrangleur terrorise une petite ville',122 )
insert into dvd values ('TANGO',10.00,'LEC001','CO',1992,'avec Philippe Noiret, Richard Bohringer,  Thierry Lhermite, Miou Miou, Judith Godreche - Quoi de mieux qu''un meurtre pour divorcer, surtout lorsque l''on est acquité ...',126 )
insert into dvd values ('ET AU MILIEU COULE UNE RIVIERE',10.00,'RED001','CD',1992,'avec Craig Sheffer, Brad Pitt, Tom Skerritt, Emily Lloyd - Portait de famille : deux fils de pasteur élevés dans le culte de la pêche à la mouche au début du siècle, code de',126 )
insert into dvd values ('RESERVOIR DOGS',10.00,'TAR002','TH',1992,'avec Harvey Keitel, Tim Roth - Lutte à mort entre six braqueurs après un hold-up raté : règlement de comptes, folie et bain de sang dans un hangar désaffecté',136 )
insert into dvd values ('HORIZONS LOINTAINS',10.00,'HOW001','AV',1992,'avec Tom Cruise, Nicole Kidman - Le rêve américain d''un paysan irlandais et d''une fille de famille à la fin du siècle',215 )
insert into dvd values ('FATALE',10.00,'MAL001','DR',1992,'avec Jeremy Irons, Juliette Binoche, Miranda Richardson, Leslie Caron - Un politicien rangé tombe sous le charme de la fiancée de son fils : autopsie de la passion',147 )
insert into dvd values ('QIU JU, UNE FEMME CHINOISE',10.00,'YIM001','CD',1992,'avec Gong li, Lei Lao Sheng - La longue marche d''une chinoise en quête de justice : un état des lieux de la chine contemporaine récompensé par un Lion d''Or et un prix d''interpré',127 )
insert into dvd values ('LA CRISE',10.00,'SER001','CO',1992,'avec Vincent Lindon, Patrick Timsit, Zabou, Maria Pacôme, Yves Robert - Un bourgeois paumé et un clochard gaffeur, compagnons de galère : stress, chômage, égoïsme ... les petits travers et les gr',122 )
insert into dvd values ('UN SINGE EN HIVER',10.00,'VER001','CD',1962,'avec Jean Gabin, Jean-Paul Belmondo - Un ivrogne invétéré fait le serment de ne plus boire, jusqu''à ce qu''il rencontre un jeune homme ...',140 )
insert into dvd values ('DEAD AGAIN',10.00,'BRA001','TH',1991,'avec Kenneth Branagh, Emma Thompson, Andy Garcia, Hanna Schygulla - Enquête sur une mystérieuse amnésique hantée par un crime du passé',144 )
insert into dvd values ('LE FESTIN NU',10.00,'CRO001','FA',1991,'avec Peter Weller, Ian Holm, Julia Sands - Une plongée dans l''imaginaire tourmenté d''un écrivain toxicomane',151 )
insert into dvd values ('PAPA EST EN VOYAGE D''AFFAIRES',10.00,'KUS001','CD',1985,'avec Moreno d''E Bartolli, Miki Manojlovic - La Yougoslavie des années Tito',211 )
insert into dvd values ('UNE ETRANGÈRE PARMI NOUS',10.00,'LUM001','PO',1992,'avec Melanie Griffith, Eric Thal - Une femme flic émancipée mène l''enquête sur un meurtre qui s''est produit à Brooklyn dans une communauté juive',146 )
insert into dvd values ('L''EMBROUILLE EST DANS LE SAC',10.00,'LAN001','CO',1990,'avec Sylvestr Stallone, Ornela Muti, Don Ameche - Un caïd de la prohibition en quête de respectabilité',145 )
insert into dvd values ('TOMMY',10.00,'RUS001','MU',1975,'avec Roger Daltrey, Ann Margret, Eric Clapton, Elton John, Tina Turner - L''opéra rock des Who',147 )
insert into dvd values ('APOCALYPSE NOW',10.00,'COP001','AV',1979,'avec Martin Sheen, Marlon Brando - Une évocation hallucinée du cauchemar de la guerre du Vietnam : un militaire fou règne en Dieu sur une armée d''indigènes',228 )
insert into dvd values ('BATMAN II, LE DEFI',10.00,'BUR001','FA',1992,'avec Michael Keaton, Michelle Pfieffer, Dany de Vito, Christopher Walken - La troublante femme-chat et le monstrueux pingouin vont-ils venir à bout de Batman',202 )
insert into dvd values ('UN, DEUX, TROIS, SOLEIL',10.00,'BLI001','CD',1993,'avec Anouk Grinberg, Marcello Mastroianni, Myriam Boyer - L''univers d''une cité-dortroir au travers de la vie quotidienne d''une fleur de banlieu',141 )
insert into dvd values ('IMPITOYABLE',10.00,'EAS001','WE',1992,'avec Clint Eastwood, Gene Hackmann, Morgan Freeman, Richard Harris - La dernière traque d''un vieux tueur repenti récompensé par quatre Oscars',206 )
insert into dvd values ('FANFAN',10.00,'JAR002','CD',1993,'avec Vincent Perez, Sophie Marceau - Coup de foudre entre une belle équilibriste et un rêveur par l''auteur du best-seller lui-même',127 )
insert into dvd values ('LA NUIT AMERICAINE',10.00,'TRU001','CD',1973,'avec Jean-Pierre Léaud, Jacqueline Bisset - Un chant d''amour au cinéma ...',151 )
insert into dvd values ('LES QUATRE CENTS COUPS',10.00,'TRU001','CD',1959,'avec Jean-Pierre Léaud - Les problèmes d''un adolescent, mal aimé par ses parents, au travers de ses frasques',136 )
insert into dvd values ('LA MORT VOUS VA SI BIEN',10.00,'ZEM001','CO',1992,'avec Meryl Streep, Goldie Hawn, Bruce Willis - Cure de jouvence farfelue pour deux garces hollywoodiennes, un conte fantastique et comique sur la peur de vieillir',140 )
insert into dvd values ('SISTER ACT',10.00,'ARD001','CO',1992,'avec Whoopi Goldberg, Maggie Smith, Harvey Keitel - Une chanteuse de cabaret doit se cacher dans un couvent pour avoir assité à un meurtre : il va y avoir de l''ambiance chez les carmelites',138)
insert into dvd values ('CHAPLIN',10.00,'ATT001','CD',1992,'avec Robert Downey Jr, Geraldine Chaplin, Dan Aykroyd, Anthony Hopkins - La face cachée du mythe du vagabond à Hollywood',219 )
insert into dvd values ('PIEGE EN HAUTE MER',10.00,'DAV001','AC',1992,'avec Steven Seagal, Tommy Lee Jones - Un vaisseau de guerre pris en otage par une bande de terroristes',139 )
insert into dvd values ('LES EXPERTS',10.00,'ALD001','TH',1992,'avec Robert Redford, Sidney Poitier, Ben Kingsley, Dan Aykroyd, River Phoenix - Une drôle d''équipe de surdoués de l''électronique en quête d''une mystérieuse boite noire',201 )
insert into dvd values ('LE DERNIER DES MOHICANS',10.00,'MAN002','AV',1991,'avec Daniel Day Lewis, Madeleine Stowe - Amours héroïques et batailles épiques pendant la conquête du nouveau monde',148 )
insert into dvd values ('GERMINAL',10.00,'BER002','DR',1992,'avec Renaud, Gérard Depardieu, Miou Miou, Jean Carmet, Judith Henry - L''adaptation du roman d''Emile Zola récompensée par deux Césars',232 )
insert into dvd values ('NOUS NE VIEILLIRONS PAS ENSEMBLE',10.00,'PIA001','DP',1972,'avec Jean Yanne, Marlène Jobert, Macha Meril - Un film sans concessions sur les déchirements d''un couple',142 )
insert into dvd values ('QUE LA BÊTE MEURE',10.00,'CHA001','TH',1969,'avec Jean Yanne, Michel Duchaussoy - Un père cherche et retrouve le chauffard meurtrier de son fils',148 )
insert into dvd values ('PROFIL BAS',10.00,'ZID001','PO',1993,'avec Patrick Bruel, Jean Yanne - Un flic dépressif et solitaire, manipulé par un ripou, joue le vrai-faux braqueur : blues des banlieues et vengeance froide',147 )
insert into dvd values ('LANDRU',10.00,'CHA001','CD',1962,'avec Charles Denner, Michèle Morgan, Danielle Darieux - Interprétation personnelle de l''affaire Landru, supposé avoir tué puis brulé plusieurs dizaines de femmes',155 )
insert into dvd values ('CLIFFHANGER',10.00,'HAR001','AC',1992,'avec Sylvester Stallone, Janine Turner - Un alpiniste valeureux aux prises avec des gangsters cupides',149 )
insert into dvd values ('MASQUES',10.00,'CHA001','CP',1987,'avec Philippe Noiret, Robin Renucci, Anne Brochet, Bernadette Lafont - La télévision est sur le grill : un homme démasque un pourri du petit écran',137 )
insert into dvd values ('L''ENFER',10.00,'CHA001','DP',1993,'avec Emmanuelle Béart, François Cluzet, Marc Lavoine - Un mari possessif, la lente destruction d''un couple sous l''effet d''une jalousir obsessionnelle',139 )
insert into dvd values ('KIKA',10.00,'ALM001','CD',1993,'avec Rossy de Palma, Santiago Lajusticia, Veronica Forque, Victoria Abril - Meurtres en cascade et dénonciation des reality-shows',150 )
insert into dvd values ('TRUE ROMANCE',10.00,'SCO004','TH',1993,'avec Christian Slater, Patricia Arquette, Dennis Hopper, Gary Oldman - La cavale sanglante de deux amants traqués',156 )
insert into dvd values ('VIVRE !',10.00,'YIM001','DR',1993,'avec Gong Li, Ge You, Guo Tao - Quarante ans de la vie d''une famille chinoise : des gens ordinaires dans la tourmente de l''histoire',217 )
insert into dvd values ('BEAUCOUP DE BRUIT POUR RIEN',10.00,'BRA001','CO',1993,'avec Kenneth Brannagh, Emma Thompson, Denzel Washington, Keanu Reeves - Quiproquos, mensonges et trahison sous le soleil de Toscane au XVIème siècle',147 )
insert into dvd values ('LA MAISON AUX ESPRITS',10.00,'AUG001','DR',1993,'avec Glenn Close, Meryl Streep, Jeremy Irons, Antonio Banderas, Wynona Ryder - La saga d''une famille au sang chaud dans une république d''Amérique du sud agitée',215 )
insert into dvd values ('LAST ACTION HERO',10.00,'MAC001','AC',1992,'avec Arnold Swarzenegger, Austin O''Brien, Antony Quinn - La rencontre d''une star de cinéma d''action et d''un gamin cinéphile dans l''écran',206 )
insert into dvd values ('LE SAUVAGE',10.00,'RAP001','CO',1975,'avec yves Montand, Catherine Deneuve - Un parfumeur s''est retiré loin du monde sur une île déserte',143 )
insert into dvd values ('VINCENT, FRANÇOIS, PAUL ET LES AUTRES',10.00,'SAU001','CD',1974,'avec Yves Montand, Michel Piccoli, Serge Reggiani',153 )
insert into dvd values ('L''AVEU',10.00,'COS001','DR',1969,'avec Yves Montand, Simone Signoret - Dans la Tchécoslovaquie des années 50, un vice-ministre vit le cauchemar des purges staliniennes : procès truqué et emprisonnement',210 )
insert into dvd values ('LE SALAIRE DE LA PEUR',10.00,'CLO001','AV',1953,'avec Charles Vanel, Yves Montand, Vera Clouzot - Le périple infernal de quatre aventuriers à bord de deux camions remplis de nitroglycérine',222 )
insert into dvd values ('L''OURS ET LA POUPEE',10.00,'DEV001','CO',1969,'avec Brigitte Bardot, Jean-Pierre Cassel, Daniel Ceccaldi - Une ravissante milliardaire part à la conquête d''un ours mal léché',125 )
insert into dvd values ('PRESIDENT D''UN JOUR',10.00,'REI001','CO',1993,'avec Kevin Kline, Sigourney Weaver, Ben Kingsley - Interim à la maison Blanche : les mésaventures d''un sosie propulsé dans le fauteuil présidentiel',146 )
insert into dvd values ('PEE WEE''S BIG ADVENTURE',10.00,'BUR001','CO',1985,'avec Pee Wee Herman - La délirante odyssée d''un rebelle déjanté à la recherche de son vélo : non-sens et dingueries en tout genre',130 )
insert into dvd values ('LE COUP DE TORCHON',10.00,'TAV001','CD',1981,'avec Philippe Noiret, Isabelle Huppert, Stéphane Audran, Eddy Mitchell - Un flic colonial frappé de folie meurtrière',210 )
insert into dvd values ('SERIE NOIRE',10.00,'COR001','DR',1979,'avec Patrick Dewaere, Myriam Boyer, Marie Trintignant, Bernard Blier - La descente aux enfers d''un loser pathétique, voleur et assassin',150 )
insert into dvd values ('TOUCHEZ PAS AU GRISBI',10.00,'BEC001','PO',1953,'avec Jean Gabin, Jeanne Moreau, Dora Doll - Un truand fatigué, au royaume de la pègre : du rififi autour d''un magot',136 )
insert into dvd values ('L''HOMME SANS VISAGE',10.00,'GIB001','CD',1994,'avec Mel Gibson, Nick Stahl - L''amitié d''un garçon et d''un ermite défiguré : une fable sur la beauté caché de l''âme',150 )
insert into dvd values ('BLESSURES SECRETES',10.00,'CAT001','CD',1993,'avec Ellen Barkin, Robert de Niro, Leonardo Dicaprio - Récit autobiographique d''un cauchemar familial à cause d''un beau-père tortionnaire, brutal et sadique',155 )
insert into dvd values ('JOUR DE FÊTE',10.00,'TAT001','CO',1949,'avec Jacques Tati - A l''arrivée des forains, le village de Sainte-Severe vit à l''haure de la fête',117 )
insert into dvd values ('L''AVOCAT DU DIABLE',10.00,'LUM001','TH',1993,'avec Don Johnson, Rebecca de Mornay - Une brillante avocate est abordée par un séducteur professionnel soupçonné d''avoir tué sa richissime femme',143 )
insert into dvd values ('DANS LA LIGNE DE MIRE',10.00,'PET001','PO',1993,'avec Clint Eastwood, John Malkovich - Un agent des services secrets est chargé de protéger le président qui entame sa campagne',204 )
insert into dvd values ('LA FIRME',10.00,'POL002','TH',1993,'avec Tom Cruise, Gene Hackman - Un jeune employé dans un cabinet juridique apprend que deux de ses collègues sont morts mystérieusement aux îles Caïman',229 )
insert into dvd values ('INTINÉRAIRE D''UN ENFANT GATÉ',10.00,'LEL001','CO',1988,'avec Jean-Paul Belmondo, Richard Anconina - Une chef d''entreprise prospère plaque tout un beau jour et disparaît sans laisser d''adresse',202 )
insert into dvd values ('SHINING',10.00,'KUB001','FA',1980,'avec Jack Nicholson, Shelley Duvall - Un couple et leur fils se retirent dans un hotel perdu dans les montagnes du Colorado pour le suveiller pendant quatre mois. Le mari est bientôt victime d''hal',157)
insert into dvd values ('SOLEIL LEVANT',10.00,'KAU001','PO',1993,'avec Sean Connery, Wesley Snipes, Harvey Keitel - !deux flics de Los Angeles enquêtent sur le meurtre d''une call-girl dans le gratte-ciel d''une firme japonaise',205 )
insert into dvd values ('SOLEIL TROMPEUR',10.00,'MIK001','DR',1993,'avec Nikita Mikhalkov - Eté 1936, un homme retourne sur les lieux de son enfance et de son premier amour',226 )
insert into dvd values ('L''ETOFFE DES HEROS',10.00,'KAU001','AV',1983,'avec Sam Shepard, Scott Glenn, Ed Harris, Dennis Quaid - En 1947, Chuck Yeager tente de franchir le mur du son au dessus du désert de Califormie. Cet exploit déclenche une course aux re',157)
insert into dvd values ('JURASSIC PARK',10.00,'SPI001','AV',1993,'avec Sam Neill, Laura Dern, Richard Attenborough, Jeff Goldblum - Un milliardaire parvient à ressusciter des dinosaures grâce à la génétique et s''apprête à ouvrir un parc d''attractions',202)
insert into dvd values ('MEURTRE MYSTÉRIEUX À MANHATTAN',10.00,'ALL001','CO',1992,'avec Woody Allen, Diane Keaton, Anjelica Huston - Quand ils apprennent la mort de leur voisine, Larry et Carol sont étonnés de l''attitude du veuf : Carol décide alors de men',157)
insert into dvd values ('LES PARAPLUIES DE CHERBOURG',10.00,'DEM002','DM',1963,'avec Catherine Deneuve, Nino Castelnuovo, Anne Vernon - A Cherbourg, en 1957, une jeune femme voit son amoureux en cachette de sa mère. Avant qu''il ne parte à l''armée, elle se ',157)
insert into dvd values ('LA FILLE DE D''ARTAGNAN',10.00,'TAV001','AV',1994,'avec Sophie Marceau, Philippe Noiret, Sami Frey, Claude Rich - Le couvent périgourdin où vit Eloïse d''Artagnan est mis à sac par le Duc de Crassac. Eloïse par demander de l''aide à s',157)
insert into dvd values ('LE FUGITIF',10.00,'DAV001','PO',1992,'avec Harrison Ford, Tommy Lee Jones, Sela Ward - Accusé à tort du meurtre de sa femme, le docteur Kimble s''évade et, traqué par un policier implacable, il part à la recherche du véritable coupa',157)
insert into dvd values ('GROSSE FATIGUE',10.00,'BLA001','CO',1993,'avec Michel Blanc, Carole Bouquet, Josiane Balasko, Philippe Noiret - Un faux Michel Blanc ususrpe l''identité du vrai et se conduit abominablement. Rejeté, insulté, l''acteur se réfugie chez',157)
insert into dvd values ('JOURNAL D''UNE FEMME DE CHAMBRE',10.00,'BUN001','DR',1964,'avec Jeanne Moreau, Michel Piccoli - Engagée comme femme de chambre dans une propriété bourgeoise, Célestine découvre les travers et les vices des habitants de la maison',157)
insert into dvd values ('LA MARIÉE ÉTAIT EN NOIR',10.00,'TRU001','TH',1968,'avec Jeanne Moreau, Claude Rich, Jean-Claude Brialy, Michel Bouquet - Après une tentative de suicide, Julie recherche les cinqs hommes qui ont tué son époux le jour de son mariage',157)
insert into dvd values ('LES VALEURS DE LA FAMILLE ADAMS',10.00,'SON001','CO',1993,'avec Raul Julia, Anjelica Huston, Christopher Lloyd - Branle-bas de combat chez les Adams : Morticia vient d''accoucher d''un bébé moustachu qui rend les enfants jaloux',131)
insert into dvd values ('VIVA MARIA',10.00,'MAL001','AV',1965,'avec Jeanne Moreau, Brigitte Bardot, George Hamilton - En Amérique du sud, au début du siècle, deux ravissantes stip-teaseuses se trouvent mélées à une révolution paysanne',151 )
insert into dvd values ('LA CITÉ DES FEMMES',10.00,'FEL001','CD',1979,'avec Marcello Mastroianni, Anna Prucnal - Dans un train, Snaporaz est fasciné par une belle voyageuse. Il la suit en rase campagne jusqu''à un hotel immense peuplé de femmes',214 )
insert into dvd values ('FRENCH CANCAN',10.00,'REN001','CD',1954,'avec Françoise Arnoul, Jean Gabin - Paris, fin du XIXème siècle, Danglard, directeur d''un cabaret, décide de faire d''une petite blanchisseuse la reinde de son prochain spectacle',140 )
insert into dvd values ('LITTLE BUDDHA',10.00,'BER001','FA',1993,'avec Keanu Reeves, Chris Isaak, Bridget Fonda - Des moins bouddhistes rendent visite à une famille de Seattle dont le fils pourrait être la réincarnation d''un lama',215 )
insert into dvd values ('MADAME DOUBTFIRE',10.00,'COL001','CO',1993,'avec Robin Williams, Sally Field - Divorcé, Daniel n''est autorisé à voir ses enfants que deux heures par semaine. Alors, il se métamorphose en gouvernante et se fait engager par sa femme',157)
insert into dvd values ('LA REINE MARGOT',10.00,'CHE001','DH',1993,'avec Isabelle Adjani, Daniel Auteuil, Jean-Hugues Anglade, Vincent Perez, Virna Lisi - En 1572, à la veille du massacre de la Saint Barthélémy, Marguerite de Valois est contrainte d''épouse',157)
insert into dvd values ('DEMOLITION MAN',10.00,'BRA002','AC',1993,'avec Sylvester Stallone, Wesley Snipes, Sandra Bullock - En 1996, lancé aux trousses d''un tueur fou, un sergent de police est accusé d''avoir sacrifié des otages. Condamné à une peine d''hibe',157)
insert into dvd values ('FULL METAL JACKET',10.00,'KUB001','GU',1987,'avec Matthew Modine, Adam Baldwin - En 1968, dans une base américaine, de jeunes engagés attendent de partir pour le Vietnam. Ils subissent l''entraînement des marines sous le férule d''un',157)
insert into dvd values ('GERONIMO',10.00,'HIL002','WE',1993,'avec Jason Patrick, Gene Hackman, Wes Studi, Robert Duvall - Lors de sa première mission, le jeune sous-officier Davis part à la rencontre de Geronimo, guerrieur irréductible qui doit enfin se re',157)
insert into dvd values ('M. BUTTERFLY',10.00,'CRO001','DR',1993,'avec Jeremy Irons, Barbara Sukowa - En Chine, en 1964, un diplomate français assiste à la représentation de "Madame Buttefly". Fasciné, il tombe follement amoureux de la cantatrice',137 )
insert into dvd values ('MISTER JONES',10.00,'FIG001','CD',1993,'avec Richard Gere, Lena Olin, Anne Bancroft - Un séducteur souffre de psychose maniaco-dépressive. Euphorique, il succombe parfois à un état mélancolique où il met en danger sa sécurité',154)
insert into dvd values ('RAPA-NUI',10.00,'REY001','AV',1994,'avec Jason Scott Lee, Esai Morales - Sur l''île de Pâques, les Longues Oreilles et leurs esclaves s''affrontent dans une course mortelle pour désigner la future tribu dominatrice',148 )
insert into dvd values ('TRON',10.00,'DIS001','SF',1982,'avec Jeff Bridges, Bruce Boxleitner, David Warner - Concepteur de jeux vidéos, Flynn s''est fait déposséder de ses programmes par son ex-patron. En tentant de les récupérer, il est propulsé au coeur d',157)
insert into dvd values ('L''AFFAIRE KAREN MAC COY',10.00,'MUL001','PO',1993,'avec Kim Basinger, Val Kilmer, Ternece Stamp - Après six ans de prison pour un casse, Karen rêve maintenant de revoir son fils Patrick et de se venger de Jack, l''associé qui l''a tr',157)
insert into dvd values ('MELODIE EN SOUS-SOL',10.00,'VER001','PO',1963,'avec Jean Gabin, Alain Delon - A peine sorti de prison, Charles, un vieux caïd, décide de cambrioler le Casinon de Cannes. Pour ce dernier casse, il contacte un jeune truand',143 )
insert into dvd values ('TERRAIN MINÉ',10.00,'SEA001','AV',1993,'avec Steven Seagal, Michael Caine - Président d''un consortion pétrolier, Jennings enfreint les règles les plus élémentaires de sécurité lors de la construction d''une raffinerie en Alaska et a',157)
insert into dvd values ('UN MONDE PARFAIT',10.00,'EAS001','PO',1993,'avec Clint Eastwood, Kevin Costner, Laura Dern - En 1963, au Texas, un taulard en fuite kidnappe un petit garçon avec qui il noue une singulière amitié. Il est poursuivi par le shérif fla',157)
insert into dvd values ('L''AFFAIRE PÉLICAN',10.00,'PAK001','TH',1993,'avec Julia Roberts, Denzel Washington, Sam Shepard - Un professeur de droit évoque en cours le récent assassinat de deux juges de la cours suprême. Une de ses étudiante décide d''entamer ',157)
insert into dvd values ('LA LISTE DE SCHINDLER',10.00,'SPI001','DH',1994,'avec Liam Neeson, Ben Kingsley - Un industriel allemand, profiteur de guerre, prend la direction d''une usine d''articles de cuisine et engage des juifs du ghetto de Cracovie. Peu à pe',157)
insert into dvd values ('NOUS NOUS SOMMES TANT AIMÉS',10.00,'SCO001','CD',1974,'avec Nino Manfredi, Vittorio Gassman - Trois amis qui se sont rencontrés dans la Résitance s''installent dans la vie forts de leurs idéaux politiques',155 )
insert into dvd values ('QUAI DES ORFÈVRES',10.00,'CLO001','PO',1947,'avec Louis Jouvet, Suzy Delair, Bernard Blier - Jenny chant dans les music-halls accompagnée de son mari. Elle accepte un rendez-vous avec un vieillard vicieux qui est retrouvé assassiné',158)
insert into dvd values ('LES VESTIGES DU JOUR',10.00,'IVO001','DR',1993,'avec Anthony Hopkins, Emma Thompson, Christopher Reeves - Dans l''Angleterre de 1956, un majordome, exemplaire depuis trente ans, part à la recherche de la gouvernante qui travailla à ',157)
insert into dvd values ('CINEMA PARADISO',10.00,'TOR001','CD',1989,'avec Philippe Noiret, Jacques Perrin - Un cinéaste reçoit un appel de sa mère lui annonçant la mort d''Alfredo, le projectionniste de son enfance : des souvenirs lui reviennent en mémoire .',147)
insert into dvd values ('L''ÉTOILE DU NORD',10.00,'GRA001','DR',1981,'avec Simone Signoret, Philippe Noiret, Fanny Cottençon - Sur le paquebot qui la ramène d''Alexandrie, Edouard rencontre Sylvie, une jeune danseuse et la présente à un homme d''affaires égyp',157)
insert into dvd values ('PHILADELPHIA',10.00,'DEM003','DR',1993,'avec Tom Hanks, Denzel Washington, Jason Robards - Un brillant avocat est à l''aube d''un grande carrière lorsque ses supérieurs découvrent qu''il est atteint du sida et qu''ils décident de le re',157)
insert into dvd values ('4 MARIAGES ET 1 ENTERREMENT',10.00,'NEW001','CO',1994,'avec Hugh Grant, Andy Mac Dowell, Kristin Scott-Thomas - Un célibataire volage, réfractaire au mariage, passe ses samedis aux noces de ses amis. il en profite pour agrandir son',137)
insert into dvd values ('LA VIE DE CHÂTEAU',10.00,'RAP001','CO',1966,'avec Catherine Deneuve, Philippe Noiret, Pierre Brasseur - Durant l''occupation allemande, Marie s''ennuie auprès de Jérôme, son paisible époux. Elle rêve de quitter la campagne normande p',157)
insert into dvd values ('ALIEN, LE 8ÈME PASSAGER',10.00,'SCO003','SF',1979,'avec Sigourney Weaver, Tom Skerrit, Harry Dean Stanton, John Hurt - Un cargo spatial intercepte un signal en provenance d''une planète inconnue. L''équipe débarque et découvre la car',152)
insert into dvd values ('ALIEN, LE RETOUR',10.00,'CAM001','SF',1986,'avec Sigourney Weaver, Paul Reiser, Carrie Henn - Seule survivante du Nostromo, Ripley est réanimée après cinquante ans d''hibernation. Elle participe à des expériences sur Acheron, le ber',122)
insert into dvd values ('ASSOCIATION DE MALFAITEURS',10.00,'ZID001','CO',1986,'avec François Cluzet, Christophe Malavoy, Jean-Pierre Brisson, Claire Nebout - Inséparables depuis les études à HEC, Gérard, Franis et Thierry ont réussi alors que Daniel galère',110)
insert into dvd values ('LE CERCLE ROUGE',10.00,'MEL001','PO',1970,'avec Bourvil, Alain Delon, Yves Montand, Gian-Maria Volonte - Le commissaire Mattei est chargé de convoyer par le train un gangster. Ce dernier s''échappe et tombe sur un ami, récemment lib',112)
insert into dvd values ('ELISA',10.00,'BEC002','CD',1994,'avec Vanessa Paradis, Gérard Depardieu, Clothilde Courau, Sekkou Sall - Marie a grandi à la DDASS d''où elle sort à 17 ans. Son obsessio : se venger de son père qu''elle juge responsable du suicide de',157)
insert into dvd values ('UN INDIEN DANS LA VILLE',10.00,'PAL001','CO',1994,'avec Thierry Lhermitte, Patick Timsit, Ludwig Briand, Miou Miou - Un yuppie stressé part retrouver sa femme au fin fond de l''Amazonie pour régle son divorce. Il découvre alors avec',118)
insert into dvd values ('LE FLIC DE BEVERLY HILLS 3',10.00,'LAN001','CO',1994,'avec Eddie Murphy - A Detroit, un flic mène une opération de routine visant à faire arrêter des voleurs de voitures. Il assiste alors à un fusillade pendant laquelle son chef es',157)
insert into dvd values ('WAATI',10.00,'CIS001','DR',1994,'avec Linéo Tsolo, Mairame Amerou - Après le meurtre de son père et de son frère, une jeune sud-africaine fuit l''Apartheid grâce à des complicités clandestines et se réfugie à Abidjan',218 )
insert into dvd values ('LE CLIENT',10.00,'SCH007','TH',1994,'avec Susan Sharandon, Tommy Lee Jones - Un enfant de 11  ans assiste à une tentative de suicide : l''homme désespéré qui travaille pour la mafia se confie à lui avant de se brûler la cervelle',140)
insert into dvd values ('HIBERNATUS',10.00,'MOL001','CO',1969,'avec Louis de Funès, Claude Gensac, Olivier de Funès, Bernard Alane - Au Groenland, une expédition retrouve dans les glaces polaires un jeune homme en état d''hibernation naturelle depuis soixan',157)
insert into dvd values ('THE MASK',10.00,'RUS002','CO',1994,'avec Jim Carrey, Peter Green - Un employé de banque découvre un masque magique dont les pouvoirs le métamorphosent en un délirant personnage de cartoon',138 )
insert into dvd values ('LE MIRACULÉ',10.00,'MOC001','CO',1987,'avec Michel Serrault, Jean Poiret, Jeanne Moreau, Sylvie Joly - Renversé par une voiture, un vagabond, escroc de surcroit, simule une paralysie des jambes. Il espère ainsi toucher une grosse ',215)
insert into dvd values ('LE GRAND BLEU',10.00,'BES001','CD',1988,'avec Rosanna Arquette, Jean-Marc Barr, Jean Reno, Jean Bouise - Le film culte des années 80',300 )


-- Table LOCATIONS
-----------------------------------------------------------------------------------------------------------------------------------
insert into locations values (1,5,'N3','juin  6 2006 12:00AM' )
insert into locations values (1,10,'N3','juin  6 2006 12:00AM' )
insert into locations values (1,197,'N3','juin  6 2006 12:00AM' )
insert into locations values (1,279,'N3','juin  6 2006 12:00AM' )
insert into locations values (2,16,'N3','juin  6 2006 12:00AM' )
insert into locations values (2,19,'N3','juin  6 2006 12:00AM' )
insert into locations values (2,23,'N3','juin  6 2006 12:00AM' )
insert into locations values (2,28,'N3','juin  6 2006 12:00AM' )
insert into locations values (3,10,'N3','juin  6 2006 12:00AM' )
insert into locations values (3,27,'N3','juin  6 2006 12:00AM' )
insert into locations values (3,50,'N3','juin  6 2006 12:00AM' )
insert into locations values (3,212,'N3','juin  6 2006 12:00AM' )
insert into locations values (4,56,'N2','juin  5 2006 12:00AM' )
insert into locations values (4,73,'N2','juin  5 2006 12:00AM' )
insert into locations values (4,60,'N2','juin  5 2006 12:00AM' )
insert into locations values (5,2,'N2','juin  5 2006 12:00AM' )
insert into locations values (5,3,'N2','juin  5 2006 12:00AM' )
insert into locations values (5,46,'N2','juin  5 2006 12:00AM' )
insert into locations values (6,40,'N1','juin  4 2006 12:00AM' )
insert into locations values (6,65,'N1','juin  6 2006 12:00AM' )
insert into locations values (7,94,'N1','juin  4 2006 12:00AM' )
insert into locations values (7,44,'N1','juin  4 2006 12:00AM' )
insert into locations values (8,22,'N2','juin  5 2006 12:00AM' )
insert into locations values (8,32,'N2','juin  5 2006 12:00AM' )
insert into locations values (8,38,'N2','juin  5 2006 12:00AM' )
insert into locations values (8,67,'N2','juin  5 2006 12:00AM' )
insert into locations values (9,117,'N2','juin  5 2006 12:00AM' )
insert into locations values (9,139,'N2','juin  5 2006 12:00AM' )
insert into locations values (9,22,'N2','juin  5 2006 12:00AM' )
insert into locations values (9,50,'N2','juin  5 2006 12:00AM' )
insert into locations values (10,43,'N2','juin  5 2006 12:00AM' )
insert into locations values (11,41,'N3','juin  6 2006 12:00AM' )
insert into locations values (11,30,'N3','juin  6 2006 12:00AM' )
insert into locations values (12,78,'N3','juin  6 2006 12:00AM' )
insert into locations values (12,99,'N3','juin  6 2006 12:00AM' )
insert into locations values (12,49,'N3','juin  6 2006 12:00AM' )
insert into locations values (13,102,'N3','juin  6 2006 12:00AM' )
insert into locations values (13,73,'N3','juin  6 2006 12:00AM' )
insert into locations values (14,129,'N2','juin  6 2006 12:00AM' )
insert into locations values (14,216,'N2','juin  6 2006 12:00AM' )
insert into locations values (15,150,'N2','juin  6 2006 12:00AM' )
insert into locations values (15,151,'N2','juin  6 2006 12:00AM' )
insert into locations values (15,210,'N2','juin  6 2006 12:00AM' )
insert into locations values (16,199,'N2','juin  6 2006 12:00AM' )
insert into locations values (16,204,'N2','juin  6 2006 12:00AM' )
insert into locations values (16,205,'N2','juin  6 2006 12:00AM' )
insert into locations values (17,200,'N2','juin  6 2006 12:00AM' )
insert into locations values (17,201,'N2','juin  6 2006 12:00AM' )
insert into locations values (18,15,'N3','juin  7 2006 12:00AM' )
insert into locations values (18,16,'N3','juin  7 2006 12:00AM' )
insert into locations values (18,47,'N3','juin  7 2006 12:00AM' )
insert into locations values (19,99,'N3','juin  7 2006 12:00AM' )
insert into locations values (19,100,'N3','juin  7 2006 12:00AM' )
insert into locations values (19,20,'N3','juin  7 2006 12:00AM' )
insert into locations values (19,29,'N3','juin  7 2006 12:00AM' )
insert into locations values (20,3,'N3','juin  7 2006 12:00AM' )
insert into locations values (20,7,'N3','juin  7 2006 12:00AM' )
insert into locations values (20,8,'N3','juin  7 2006 12:00AM' )
insert into locations values (21,2,'N1','juin  5 2006 12:00AM' )
insert into locations values (21,86,'N1','juin  5 2006 12:00AM' )
insert into locations values (21,82,'N1','juin  5 2006 12:00AM' )
insert into locations values (22,61,'N1','juin  5 2006 12:00AM' )
insert into locations values (22,7,'N1','juin  5 2006 12:00AM' )
insert into locations values (23,1,'N1','juin  5 2006 12:00AM' )
insert into locations values (23,3,'N1','juin  5 2006 12:00AM' )
insert into locations values (23,9,'N1','juin  5 2006 12:00AM' )
insert into locations values (24,167,'N2','juin  6 2006 12:00AM' )
insert into locations values (24,248,'N2','juin  6 2006 12:00AM' )
insert into locations values (24,28,'N2','juin  6 2006 12:00AM' )
insert into locations values (24,35,'N2','juin  6 2006 12:00AM' )
insert into locations values (25,40,'N1','juin  5 2006 12:00AM' )
insert into locations values (25,43,'N1','juin  5 2006 12:00AM' )
insert into locations values (26,51,'N1','juin  5 2006 12:00AM' )
insert into locations values (27,56,'N1','juin  5 2006 12:00AM' )
insert into locations values (28,44,'N1','juin  5 2006 12:00AM' )
insert into locations values (29,27,'N1','juin  5 2006 12:00AM' )
insert into locations values (29,37,'N1','juin  5 2006 12:00AM' )
insert into locations values (30,50,'N1','juin  5 2006 12:00AM' )
insert into locations values (30,5,'N1','juin  5 2006 12:00AM' )
insert into locations values (30,7,'N1','juin  5 2006 12:00AM' )
insert into locations values (31,55,'N1','juin  5 2006 12:00AM' )
insert into locations values (31,79,'N1','juin  5 2006 12:00AM' )
insert into locations values (31,237,'N1','juin  5 2006 12:00AM' )
insert into locations values (32,29,'N1','juin  6 2006 12:00AM' )
insert into locations values (32,200,'N1','juin  6 2006 12:00AM' )
insert into locations values (32,202,'N1','juin  6 2006 12:00AM' )
insert into locations values (33,223,'N2','juin  7 2006 12:00AM' )
insert into locations values (33,62,'N2','juin  7 2006 12:00AM' )
insert into locations values (34,77,'N1','juin  6 2006 12:00AM' )
insert into locations values (34,78,'N1','juin  6 2006 12:00AM' )
insert into locations values (34,80,'N1','juin  6 2006 12:00AM' )
insert into locations values (35,30,'N1','juin  6 2006 12:00AM' )
insert into locations values (35,87,'N1','juin  6 2006 12:00AM' )
insert into locations values (35,89,'N1','juin  6 2006 12:00AM' )
insert into locations values (37,92,'N1','juin  6 2006 12:00AM' )
insert into locations values (38,41,'N1','juin  6 2006 12:00AM' )
insert into locations values (39,60,'N1','juin  7 2006 12:00AM' )
insert into locations values (39,165,'N1','juin  7 2006 12:00AM' )
insert into locations values (40,35,'N1','juin  7 2006 12:00AM' )
insert into locations values (41,13,'N1','juin  7 2006 12:00AM' )
insert into locations values (41,26,'N1','juin  7 2006 12:00AM' )
insert into locations values (42,58,'N1','juin  7 2006 12:00AM' )
insert into locations values (42,76,'N1','juin  7 2006 12:00AM' )
insert into locations values (43,83,'N1','juin  7 2006 12:00AM' )
insert into locations values (43,94,'N1','juin  7 2006 12:00AM' )
insert into locations values (44,102,'N1','juin  7 2006 12:00AM' )
insert into locations values (44,174,'N1','juin  7 2006 12:00AM' )
insert into locations values (45,129,'N1','juin  7 2006 12:00AM' )
insert into locations values (46,112,'N1','juin  7 2006 12:00AM' )
insert into locations values (46,114,'N1','juin  7 2006 12:00AM' )
insert into locations values (47,134,'N1','juin  7 2006 12:00AM' )
insert into locations values (47,255,'N1','juin  7 2006 12:00AM' )
insert into locations values (48,129,'WE','juin 10 2006 12:00AM' )
insert into locations values (48,237,'WE','juin 10 2006 12:00AM' )
insert into locations values (48,249,'WE','juin 10 2006 12:00AM' )
insert into locations values (49,127,'WE','juin 10 2006 12:00AM' )
insert into locations values (49,136,'WE','juin 10 2006 12:00AM' )
insert into locations values (50,131,'WE','juin 10 2006 12:00AM' )
insert into locations values (51,10,'we','juin 12 2006 12:00AM' )
insert into locations values (51,13,'N2','juin  9 2006 12:00AM' )
insert into locations values (51,280,'WE','juin 10 2006 12:00AM' )
insert into locations values (51,157,'WE','juin 10 2006 12:00AM' )
insert into locations values (52,28,'WE','juin 10 2006 12:00AM' )
insert into locations values (52,54,'WE','juin 10 2006 12:00AM' )
insert into locations values (52,69,'WE','juin 10 2006 12:00AM' )
insert into locations values (53,49,'WE','juin 10 2006 12:00AM' )
insert into locations values (53,234,'WE','juin 10 2006 12:00AM' )
insert into locations values (54,198,'WE','juin 10 2006 12:00AM' )
insert into locations values (54,4,'WE','juin 10 2006 12:00AM' )
insert into locations values (54,6,'WE','juin 10 2006 12:00AM' )
insert into locations values (55,70,'WE','juin 10 2006 12:00AM' )
insert into locations values (56,34,'WE','juin 10 2006 12:00AM' )
insert into locations values (57,40,'WE','juin 10 2006 12:00AM' )
insert into locations values (57,11,'WE','juin 10 2006 12:00AM' )
insert into locations values (58,44,'WE','juin 10 2006 12:00AM' )
insert into locations values (59,8,'WE','juin 11 2006 12:00AM' )
insert into locations values (59,9,'WE','juin 11 2006 12:00AM' )
insert into locations values (60,20,'WE','juin 11 2006 12:00AM' )
insert into locations values (61,51,'WE','juin 11 2006 12:00AM' )
insert into locations values (61,52,'WE','juin 11 2006 12:00AM' )
insert into locations values (62,4,'WE','juin 11 2006 12:00AM' )
insert into locations values (62,14,'WE','juin 11 2006 12:00AM' )
insert into locations values (63,24,'WE','juin 11 2006 12:00AM' )
insert into locations values (64,21,'WE','juin 11 2006 12:00AM' )
insert into locations values (64,191,'WE','juin 11 2006 12:00AM' )
insert into locations values (65,74,'WE','juin 11 2006 12:00AM' )
insert into locations values (65,81,'WE','juin 11 2006 12:00AM' )
insert into locations values (66,77,'WE','juin 11 2006 12:00AM' )
insert into locations values (66,85,'WE','juin 11 2006 12:00AM' )
insert into locations values (67,48,'WE','juin 11 2006 12:00AM' )
insert into locations values (68,45,'WE','juin 11 2006 12:00AM' )
insert into locations values (68,49,'WE','juin 11 2006 12:00AM' )
insert into locations values (69,14,'WE','juin 11 2006 12:00AM' )
insert into locations values (70,280,'WE','juin 11 2006 12:00AM' )
insert into locations values (71,144,'WE','juin 11 2006 12:00AM' )
insert into locations values (71,282,'WE','juin 11 2006 12:00AM' )
insert into locations values (72,189,'WE','juin 11 2006 12:00AM' )
insert into locations values (72,190,'WE','juin 11 2006 12:00AM' )
insert into locations values (73,222,'WE','juin 11 2006 12:00AM' )
insert into locations values (73,176,'WE','juin 11 2006 12:00AM' )
insert into locations values (74,84,'WE','juin 11 2006 12:00AM' )
insert into locations values (74,64,'WE','juin 11 2006 12:00AM' )
insert into locations values (75,123,'WE','juin 11 2006 12:00AM' )
insert into locations values (75,141,'WE','juin 11 2006 12:00AM' )
insert into locations values (75,253,'WE','juin 11 2006 12:00AM' )
insert into locations values (76,161,'WE','juin 11 2006 12:00AM' )
insert into locations values (76,253,'WE','juin 11 2006 12:00AM' )
insert into locations values (77,183,'WE','juin 11 2006 12:00AM' )
insert into locations values (77,235,'WE','juin 11 2006 12:00AM' )
insert into locations values (77,281,'WE','juin 11 2006 12:00AM' )
insert into locations values (78,186,'N1','juin 11 2006 12:00AM' )
insert into locations values (78,222,'N1','juin 11 2006 12:00AM' )
insert into locations values (79,259,'N1','juin 11 2006 12:00AM' )
insert into locations values (80,204,'N1','juin 11 2006 12:00AM' )
insert into locations values (81,133,'N2','juin 12 2006 12:00AM' )
insert into locations values (81,202,'N2','juin 12 2006 12:00AM' )
insert into locations values (82,176,'N2','juin 12 2006 12:00AM' )
insert into locations values (82,183,'N2','juin 12 2006 12:00AM' )
insert into locations values (82,128,'N2','juin 12 2006 12:00AM' )
insert into locations values (83,75,'N3','juin 13 2006 12:00AM' )
insert into locations values (83,76,'N3','juin 13 2006 12:00AM' )
insert into locations values (84,32,'N3','juin 13 2006 12:00AM' )
insert into locations values (85,33,'N3','juin 13 2006 12:00AM' )
insert into locations values (85,93,'N3','juin 13 2006 12:00AM' )
insert into locations values (86,267,'N2','juin 12 2006 12:00AM' )
insert into locations values (86,23,'N2','juin 12 2006 12:00AM' )
insert into locations values (86,32,'N2','juin 12 2006 12:00AM' )
insert into locations values (87,220,'N2','juin 12 2006 12:00AM' )
insert into locations values (88,162,'N1','juin 12 2006 12:00AM' )
insert into locations values (88,225,'N1','juin 12 2006 12:00AM' )
insert into locations values (89,3,'N2','juin 13 2006 12:00AM' )
insert into locations values (89,10,'N2','juin 13 2006 12:00AM' )
insert into locations values (89,27,'N2','juin 13 2006 12:00AM' )
insert into locations values (90,30,'N1','juin 12 2006 12:00AM' )
insert into locations values (91,15,'N1','juin 12 2006 12:00AM' )
insert into locations values (91,29,'N1','juin 12 2006 12:00AM' )
insert into locations values (92,62,'N2','juin 14 2006 12:00AM' )
insert into locations values (92,240,'N2','juin 14 2006 12:00AM' )
insert into locations values (93,11,'N2','juin 14 2006 12:00AM' )
insert into locations values (93,16,'N2','juin 14 2006 12:00AM' )
insert into locations values (94,126,'N2','juin 14 2006 12:00AM' )
insert into locations values (95,192,'N2','juin 14 2006 12:00AM' )
insert into locations values (95,150,'N2','juin 14 2006 12:00AM' )
insert into locations values (96,102,'N2','juin 14 2006 12:00AM' )
insert into locations values (96,115,'N1','juin 15 2006 12:00AM' )
insert into locations values (97,170,'N2','juin 14 2006 12:00AM' )
insert into locations values (97,180,'N2','juin 14 2006 12:00AM' )
insert into locations values (98,129,'N2','juin 15 2006 12:00AM' )
insert into locations values (98,158,'N2','juin 15 2006 12:00AM' )
insert into locations values (99,277,'N2','juin 15 2006 12:00AM' )
insert into locations values (100,75,'N2','juin 15 2006 12:00AM' )
insert into locations values (101,46,'N2','juin 15 2006 12:00AM' )
insert into locations values (101,99,'N2','juin 15 2006 12:00AM' )
insert into locations values (102,177,'N1','juin 15 2006 12:00AM' )
insert into locations values (103,10,'N1','juin 15 2006 12:00AM' )
insert into locations values (104,36,'N1','juin 15 2006 12:00AM' )
insert into locations values (105,247,'WE','juin 17 2006 12:00AM' )
insert into locations values (105,65,'WE','juin 17 2006 12:00AM' )
insert into locations values (106,273,'WE','juin 17 2006 12:00AM' )
insert into locations values (106,84,'WE','juin 17 2006 12:00AM' )
insert into locations values (107,52,'WE','juin 17 2006 12:00AM' )
insert into locations values (107,46,'WE','juin 17 2006 12:00AM' )
insert into locations values (107,10,'WE','juin 17 2006 12:00AM' )
insert into locations values (108,163,'WE','juin 17 2006 12:00AM' )
insert into locations values (108,181,'WE','juin 17 2006 12:00AM' )
insert into locations values (108,139,'WE','juin 17 2006 12:00AM' )
insert into locations values (109,198,'WE','juin 17 2006 12:00AM' )
insert into locations values (109,109,'WE','juin 17 2006 12:00AM' )
insert into locations values (110,181,'WE','juin 17 2006 12:00AM' )
insert into locations values (110,112,'WE','juin 17 2006 12:00AM' )
insert into locations values (111,220,'WE','juin 17 2006 12:00AM' )
insert into locations values (111,132,'WE','juin 17 2006 12:00AM' )
insert into locations values (111,136,'WE','juin 17 2006 12:00AM' )
insert into locations values (112,162,'WE','juin 17 2006 12:00AM' )
insert into locations values (112,175,'WE','juin 17 2006 12:00AM' )
insert into locations values (112,139,'WE','juin 17 2006 12:00AM' )
insert into locations values (112,140,'WE','juin 17 2006 12:00AM' )
insert into locations values (113,115,'WE','juin 17 2006 12:00AM' )
insert into locations values (113,116,'WE','juin 17 2006 12:00AM' )
insert into locations values (113,150,'WE','juin 17 2006 12:00AM' )
insert into locations values (114,115,'WE','juin 27 2006 12:00AM' )
insert into locations values (114,281,'WE','juin 27 2006 12:00AM' )
insert into locations values (115,128,'WE','juin 17 2006 12:00AM' )
insert into locations values (115,196,'WE','juin 17 2006 12:00AM' )
insert into locations values (115,101,'WE','juin 17 2006 12:00AM' )
insert into locations values (116,130,'WE','juin 17 2006 12:00AM' )
insert into locations values (116,169,'WE','juin 17 2006 12:00AM' )
insert into locations values (116,196,'WE','juin 17 2006 12:00AM' )
insert into locations values (117,280,'WE','juin 17 2006 12:00AM' )
insert into locations values (117,263,'WE','juin 17 2006 12:00AM' )
insert into locations values (118,15,'WE','juin 18 2006 12:00AM' )
insert into locations values (118,237,'WE','juin 18 2006 12:00AM' )
insert into locations values (119,103,'WE','juin 18 2006 12:00AM' )
insert into locations values (120,232,'WE','juin 18 2006 12:00AM' )
insert into locations values (120,108,'WE','juin 18 2006 12:00AM' )
insert into locations values (121,54,'WE','juin 18 2006 12:00AM' )
insert into locations values (121,108,'WE','juin 18 2006 12:00AM' )
insert into locations values (121,138,'WE','juin 18 2006 12:00AM' )
insert into locations values (122,42,'WE','juin 18 2006 12:00AM' )
insert into locations values (122,177,'WE','juin 18 2006 12:00AM' )
insert into locations values (122,126,'WE','juin 18 2006 12:00AM' )
insert into locations values (123,105,'WE','juin 27 2006 12:00AM' )
insert into locations values (123,185,'WE','juin 27 2006 12:00AM' )
insert into locations values (123,138,'WE','juin 27 2006 12:00AM' )
insert into locations values (124,196,'WE','juin 18 2006 12:00AM' )
insert into locations values (124,155,'WE','juin 18 2006 12:00AM' )
insert into locations values (124,157,'WE','juin 18 2006 12:00AM' )
insert into locations values (125,138,'N3','juin 20 2006 12:00AM' )
insert into locations values (125,166,'N3','juin 20 2006 12:00AM' )
insert into locations values (125,281,'N3','juin 20 2006 12:00AM' )
insert into locations values (126,213,'N3','juin 20 2006 12:00AM' )
insert into locations values (126,263,'N3','juin 20 2006 12:00AM' )
insert into locations values (126,260,'N3','juin 20 2006 12:00AM' )
insert into locations values (127,44,'N1','juin 18 2006 12:00AM' )
insert into locations values (128,155,'N1','juin 18 2006 12:00AM' )
insert into locations values (129,230,'N1','juin 18 2006 12:00AM' )
insert into locations values (130,211,'N1','juin 18 2006 12:00AM' )
insert into locations values (131,107,'N1','juin 18 2006 12:00AM' )
insert into locations values (132,147,'N2','juin 20 2006 12:00AM' )
insert into locations values (132,254,'N2','juin 20 2006 12:00AM' )
insert into locations values (132,63,'N2','juin 20 2006 12:00AM' )
insert into locations values (133,47,'N1','juin 19 2006 12:00AM' )
insert into locations values (134,32,'N1','juin 19 2006 12:00AM' )
insert into locations values (135,37,'N2','juin 20 2006 12:00AM' )
insert into locations values (135,116,'N2','juin 20 2006 12:00AM' )
insert into locations values (135,173,'N2','juin 20 2006 12:00AM' )
insert into locations values (136,43,'N2','juin 21 2006 12:00AM' )
insert into locations values (136,226,'N2','juin 21 2006 12:00AM' )
insert into locations values (136,24,'N2','juin 21 2006 12:00AM' )
insert into locations values (137,153,'N1','juin 20 2006 12:00AM' )
insert into locations values (138,72,'N2','juin 21 2006 12:00AM' )
insert into locations values (138,78,'N2','juin 21 2006 12:00AM' )
insert into locations values (138,79,'N2','juin 21 2006 12:00AM' )
insert into locations values (139,64,'N2','juin 22 2006 12:00AM' )
insert into locations values (139,90,'N2','juin 22 2006 12:00AM' )
insert into locations values (140,122,'N2','juin 21 2006 12:00AM' )
insert into locations values (140,188,'N2','juin 21 2006 12:00AM' )
insert into locations values (141,209,'N2','juin 22 2006 12:00AM' )
insert into locations values (141,140,'N2','juin 22 2006 12:00AM' )
insert into locations values (141,192,'N2','juin 22 2006 12:00AM' )
insert into locations values (142,159,'N1','juin 21 2006 12:00AM' )
insert into locations values (143,111,'WE','juin 24 2006 12:00AM' )
insert into locations values (143,29,'WE','juin 24 2006 12:00AM' )
insert into locations values (143,56,'WE','juin 24 2006 12:00AM' )
insert into locations values (144,31,'WE','juin 24 2006 12:00AM' )
insert into locations values (144,135,'WE','juin 24 2006 12:00AM' )
insert into locations values (144,44,'WE','juin 24 2006 12:00AM' )
insert into locations values (144,27,'WE','juin 24 2006 12:00AM' )
insert into locations values (145,121,'WE','juin 24 2006 12:00AM' )
insert into locations values (145,54,'WE','juin 24 2006 12:00AM' )
insert into locations values (145,50,'WE','juin 24 2006 12:00AM' )
insert into locations values (146,48,'WE','juin 25 2006 12:00AM' )
insert into locations values (146,36,'WE','juin 25 2006 12:00AM' )
insert into locations values (146,65,'WE','juin 25 2006 12:00AM' )
insert into locations values (147,8,'WE','juin 25 2006 12:00AM' )
insert into locations values (147,58,'WE','juin 25 2006 12:00AM' )
insert into locations values (148,277,'WE','juin 25 2006 12:00AM' )
insert into locations values (149,172,'WE','juin 25 2006 12:00AM' )
insert into locations values (150,217,'WE','juin 25 2006 12:00AM' )
insert into locations values (150,20,'WE','juin 25 2006 12:00AM' )
insert into locations values (151,100,'WE','juin 25 2006 12:00AM' )
insert into locations values (152,128,'WE','juin 25 2006 12:00AM' )
insert into locations values (152,283,'WE','juin 25 2006 12:00AM' )
insert into locations values (153,137,'WE','juin 25 2006 12:00AM' )
insert into locations values (154,59,'WE','juin 25 2006 12:00AM' )
insert into locations values (154,25,'WE','juin 25 2006 12:00AM' )
insert into locations values (154,53,'WE','juin 25 2006 12:00AM' )
insert into locations values (154,73,'WE','juin 25 2006 12:00AM' )
insert into locations values (154,102,'WE','juin 25 2006 12:00AM' )
insert into locations values (155,251,'WE','juin 25 2006 12:00AM' )
insert into locations values (155,254,'WE','juin 25 2006 12:00AM' )
insert into locations values (156,176,'N1','juin 25 2006 12:00AM' )
insert into locations values (157,149,'N1','juin 25 2006 12:00AM' )
insert into locations values (158,193,'N2','juin 26 2006 12:00AM' )
insert into locations values (158,198,'N2','juin 26 2006 12:00AM' )
insert into locations values (159,126,'N1','juin 25 2006 12:00AM' )
insert into locations values (160,25,'N2','juin 26 2006 12:00AM' )
insert into locations values (160,214,'N2','juin 26 2006 12:00AM' )
insert into locations values (161,278,'N2','juin 26 2006 12:00AM' )
insert into locations values (161,161,'N2','juin 26 2006 12:00AM' )
insert into locations values (161,187,'N2','juin 26 2006 12:00AM' )
insert into locations values (162,274,'N1','juin 26 2006 12:00AM' )
insert into locations values (163,12,'N2','juin 27 2006 12:00AM' )
insert into locations values (163,17,'N2','juin 27 2006 12:00AM' )
insert into locations values (164,18,'N1','juin 26 2006 12:00AM' )
insert into locations values (165,28,'N2','juin 27 2006 12:00AM' )
insert into locations values (165,36,'N2','juin 27 2006 12:00AM' )
insert into locations values (165,39,'N2','juin 27 2006 12:00AM' )
insert into locations values (166,47,'N2','juin 27 2006 12:00AM' )
insert into locations values (167,53,'N3','juin 29 2006 12:00AM' )
insert into locations values (168,57,'N2','juin 28 2006 12:00AM' )
insert into locations values (169,63,'N1','juin 27 2006 12:00AM' )
insert into locations values (170,66,'N2','juin 28 2006 12:00AM' )
insert into locations values (170,68,'N2','juin 28 2006 12:00AM' )
insert into locations values (171,69,'N1','juin 28 2006 12:00AM' )
insert into locations values (172,71,'N2','juin 29 2006 12:00AM' )
insert into locations values (172,75,'N2','juin 29 2006 12:00AM' )
insert into locations values (173,80,'N1','juin 28 2006 12:00AM' )
insert into locations values (174,86,'N2','juin 29 2006 12:00AM' )
insert into locations values (174,88,'N2','juin 29 2006 12:00AM' )
insert into locations values (175,90,'N1','juin 28 2006 12:00AM' )
insert into locations values (176,93,'N1','juin 28 2006 12:00AM' )
insert into locations values (177,95,'WE','juil  1 2006 12:00AM' )
insert into locations values (177,96,'WE','juil  1 2006 12:00AM' )
insert into locations values (177,97,'WE','juil  1 2006 12:00AM' )
insert into locations values (178,101,'WE','juil  1 2006 12:00AM' )
insert into locations values (178,104,'WE','juil  1 2006 12:00AM' )
insert into locations values (179,106,'WE','juil  1 2006 12:00AM' )
insert into locations values (179,109,'WE','juil  1 2006 12:00AM' )
insert into locations values (180,110,'WE','juil  1 2006 12:00AM' )
insert into locations values (181,113,'WE','juil  1 2006 12:00AM' )
insert into locations values (182,118,'WE','juil  1 2006 12:00AM' )
insert into locations values (183,119,'WE','juil  1 2006 12:00AM' )
insert into locations values (183,125,'WE','juil  1 2006 12:00AM' )
insert into locations values (184,127,'WE','juil  1 2006 12:00AM' )
insert into locations values (184,131,'WE','juil  1 2006 12:00AM' )
insert into locations values (184,132,'WE','juil  1 2006 12:00AM' )
insert into locations values (185,140,'WE','juil  2 2006 12:00AM' )
insert into locations values (185,141,'WE','juil  2 2006 12:00AM' )
insert into locations values (185,143,'WE','juil  2 2006 12:00AM' )
insert into locations values (185,145,'WE','juil  2 2006 12:00AM' )
insert into locations values (186,146,'WE','juil  2 2006 12:00AM' )
insert into locations values (186,148,'WE','juil  2 2006 12:00AM' )
insert into locations values (187,154,'WE','juil  2 2006 12:00AM' )
insert into locations values (188,156,'WE','juil  2 2006 12:00AM' )
insert into locations values (188,158,'WE','juil  2 2006 12:00AM' )
insert into locations values (188,159,'WE','juil  2 2006 12:00AM' )
insert into locations values (189,160,'WE','juil  2 2006 12:00AM' )
insert into locations values (190,98,'WE','juil  2 2006 12:00AM' )
insert into locations values (190,164,'WE','juil  2 2006 12:00AM' )
insert into locations values (191,169,'WE','juil  2 2006 12:00AM' )
insert into locations values (192,170,'WE','juil  2 2006 12:00AM' )
insert into locations values (192,171,'WE','juil  2 2006 12:00AM' )
insert into locations values (193,178,'WE','juil  2 2006 12:00AM' )
insert into locations values (194,179,'SE','juil  8 2006 12:00AM' )
insert into locations values (194,180,'SE','juil  8 2006 12:00AM' )
insert into locations values (195,182,'SE','juil  8 2006 12:00AM' )
insert into locations values (195,184,'N1','juil  2 2006 12:00AM' )
insert into locations values (196,187,'N1','juil  2 2006 12:00AM' )
insert into locations values (197,191,'N1','juil  2 2006 12:00AM' )
insert into locations values (198,194,'N2','juil  3 2006 12:00AM' )
insert into locations values (198,195,'N2','juil  3 2006 12:00AM' )
insert into locations values (198,196,'N2','juil  3 2006 12:00AM' )
insert into locations values (199,205,'N1','juil  2 2006 12:00AM' )
insert into locations values (200,207,'N2','juil  4 2006 12:00AM' )
insert into locations values (200,208,'N2','juil  4 2006 12:00AM' )
insert into locations values (201,218,'N1','juil  3 2006 12:00AM' )
insert into locations values (202,219,'N1','juil  3 2006 12:00AM' )
insert into locations values (203,221,'N2','juil  4 2006 12:00AM' )
insert into locations values (203,224,'N2','juil  4 2006 12:00AM' )
insert into locations values (204,227,'N2','juil  5 2006 12:00AM' )
insert into locations values (204,230,'N2','juil  5 2006 12:00AM' )
insert into locations values (205,231,'N1','juil  4 2006 12:00AM' )
insert into locations values (206,238,'N1','juil  4 2006 12:00AM' )
insert into locations values (207,239,'N1','juil  4 2006 12:00AM' )
insert into locations values (208,241,'N3','juil  6 2006 12:00AM' )
insert into locations values (208,242,'N3','juil  6 2006 12:00AM' )
insert into locations values (208,246,'N3','juil  6 2006 12:00AM' )
insert into locations values (208,250,'N3','juil  6 2006 12:00AM' )
insert into locations values (209,252,'N3','juil  7 2006 12:00AM' )
insert into locations values (209,253,'N3','juil  7 2006 12:00AM' )
insert into locations values (209,257,'N3','juil  7 2006 12:00AM' )
insert into locations values (209,260,'N3','juil  7 2006 12:00AM' )
insert into locations values (210,261,'N3','juil  7 2006 12:00AM' )
insert into locations values (210,263,'N3','juil  7 2006 12:00AM' )
insert into locations values (210,268,'N3','juil  7 2006 12:00AM' )
insert into locations values (210,270,'N3','juil  7 2006 12:00AM' )
insert into locations values (211,271,'N2','juil  6 2006 12:00AM' )
insert into locations values (211,272,'N2','juil  6 2006 12:00AM' )
insert into locations values (211,279,'N2','juil  6 2006 12:00AM' )
insert into locations values (212,280,'N2','juil  6 2006 12:00AM' )
insert into locations values (212,282,'N2','juil  6 2006 12:00AM' )
insert into locations values (212,281,'N2','juil  6 2006 12:00AM' )
insert into locations values (213,10,'N2','juil  8 2006 12:00AM' )
insert into locations values (213,52,'N2','juil  8 2006 12:00AM' )
insert into locations values (213,280,'N2','juil  8 2006 12:00AM' )
insert into locations values (213,283,'N2','juil  8 2006 12:00AM' )
insert into locations values (213,188,'N2','juil  8 2006 12:00AM' )
insert into locations values (214,191,'N2','juil  6 2006 12:00AM' )
insert into locations values (214,193,'N2','juil  6 2006 12:00AM' )
insert into locations values (214,194,'N2','juil  6 2006 12:00AM' )
insert into locations values (215,195,'WE','juil  8 2006 12:00AM' )
insert into locations values (215,96,'WE','juil  8 2006 12:00AM' )
insert into locations values (215,199,'WE','juil  8 2006 12:00AM' )
insert into locations values (216,200,'WE','juil  8 2006 12:00AM' )
insert into locations values (217,103,'WE','juil  8 2006 12:00AM' )
insert into locations values (218,112,'WE','juil  8 2006 12:00AM' )
insert into locations values (219,213,'WE','juil  8 2006 12:00AM' )
insert into locations values (220,114,'WE','juil  8 2006 12:00AM' )
insert into locations values (220,17,'WE','juil  8 2006 12:00AM' )
insert into locations values (220,219,'WE','juil  8 2006 12:00AM' )
insert into locations values (220,121,'WE','juil  8 2006 12:00AM' )
insert into locations values (220,123,'WE','juil  8 2006 12:00AM' )
insert into locations values (221,132,'WE','juil  8 2006 12:00AM' )
insert into locations values (221,241,'WE','juil  8 2006 12:00AM' )
insert into locations values (221,242,'WE','juil  8 2006 12:00AM' )
insert into locations values (221,244,'WE','juil  8 2006 12:00AM' )
insert into locations values (221,245,'WE','juil  8 2006 12:00AM' )
insert into locations values (222,247,'WE','juil  8 2006 12:00AM' )
insert into locations values (222,148,'WE','juil  8 2006 12:00AM' )
insert into locations values (222,253,'WE','juil  8 2006 12:00AM' )
insert into locations values (222,154,'WE','juil  8 2006 12:00AM' )
insert into locations values (222,255,'WE','juil  8 2006 12:00AM' )
insert into locations values (222,59,'WE','juil  8 2006 12:00AM' )
insert into locations values (222,65,'WE','juil  8 2006 12:00AM' )
insert into locations values (223,167,'WE','juil  9 2006 12:00AM' )
insert into locations values (223,268,'WE','juil  9 2006 12:00AM' )
insert into locations values (223,170,'WE','juil  9 2006 12:00AM' )
insert into locations values (223,173,'WE','juil  9 2006 12:00AM' )
insert into locations values (223,174,'WE','juil  9 2006 12:00AM' )
insert into locations values (223,175,'WE','juil  9 2006 12:00AM' )
insert into locations values (224,11,'WE','juil  9 2006 12:00AM' )
insert into locations values (224,187,'WE','juil  9 2006 12:00AM' )
insert into locations values (224,188,'WE','juil  9 2006 12:00AM' )
insert into locations values (224,189,'WE','juil  9 2006 12:00AM' )
insert into locations values (224,190,'WE','juil  9 2006 12:00AM' )
insert into locations values (225,194,'WE','juil  9 2006 12:00AM' )
insert into locations values (225,197,'WE','juil  9 2006 12:00AM' )
insert into locations values (225,204,'WE','juil  9 2006 12:00AM' )
insert into locations values (226,105,'WE','juil  9 2006 12:00AM' )
insert into locations values (226,106,'WE','juil  9 2006 12:00AM' )
insert into locations values (226,209,'WE','juil  9 2006 12:00AM' )
insert into locations values (227,112,'WE','juil  9 2006 12:00AM' )
insert into locations values (227,119,'WE','juil  9 2006 12:00AM' )
insert into locations values (227,220,'WE','juil  9 2006 12:00AM' )
insert into locations values (227,21,'WE','juil  9 2006 12:00AM' )
insert into locations values (228,24,'WE','juil  9 2006 12:00AM' )
insert into locations values (228,25,'WE','juil  9 2006 12:00AM' )
insert into locations values (228,27,'WE','juil  9 2006 12:00AM' )
insert into locations values (228,31,'WE','juil  9 2006 12:00AM' )
insert into locations values (229,33,'WE','juil  9 2006 12:00AM' )
insert into locations values (229,34,'WE','juil  9 2006 12:00AM' )
insert into locations values (229,39,'WE','juil  9 2006 12:00AM' )
insert into locations values (229,40,'WE','juil  9 2006 12:00AM' )
insert into locations values (230,45,'WE','juil  9 2006 12:00AM' )
insert into locations values (230,47,'WE','juil  9 2006 12:00AM' )
insert into locations values (230,51,'WE','juil  9 2006 12:00AM' )
insert into locations values (230,52,'WE','juil  9 2006 12:00AM' )
insert into locations values (231,61,'WE','juil  9 2006 12:00AM' )
insert into locations values (231,62,'WE','juil  9 2006 12:00AM' )
insert into locations values (231,66,'WE','juil  9 2006 12:00AM' )
insert into locations values (231,67,'WE','juil  9 2006 12:00AM' )
insert into locations values (231,68,'WE','juil  9 2006 12:00AM' )
insert into locations values (231,71,'WE','juil  9 2006 12:00AM' )
insert into locations values (232,72,'WE','juil  9 2006 12:00AM' )
insert into locations values (232,85,'WE','juil  9 2006 12:00AM' )
insert into locations values (232,88,'WE','juil  9 2006 12:00AM' )
insert into locations values (232,89,'WE','juil  9 2006 12:00AM' )
insert into locations values (232,92,'WE','juil  9 2006 12:00AM' )
insert into locations values (232,94,'WE','juil  9 2006 12:00AM' )
insert into locations values (233,95,'N1','juil  9 2006 12:00AM' )
insert into locations values (234,97,'N1','juil  9 2006 12:00AM' )
insert into locations values (235,114,'N1','juil  9 2006 12:00AM' )
insert into locations values (236,11,'N2','juil 10 2006 12:00AM' )
insert into locations values (236,113,'N2','juil 10 2006 12:00AM' )
insert into locations values (236,115,'N2','juil 10 2006 12:00AM' )
insert into locations values (237,116,'N2','juil 10 2006 12:00AM' )
insert into locations values (237,117,'N2','juil 10 2006 12:00AM' )
insert into locations values (238,118,'N1','juil  9 2006 12:00AM' )
insert into locations values (239,121,'N2','juil 10 2006 12:00AM' )
insert into locations values (239,122,'N2','juil 10 2006 12:00AM' )
insert into locations values (239,123,'N2','juil 10 2006 12:00AM' )
insert into locations values (240,25,'N1','juil  9 2006 12:00AM' )
insert into locations values (241,26,'N1','juil  9 2006 12:00AM' )
insert into locations values (242,31,'N1','juil 10 2006 12:00AM' )
insert into locations values (243,33,'N3','juil 12 2006 12:00AM' )
insert into locations values (243,34,'N3','juil 12 2006 12:00AM' )
insert into locations values (243,35,'N3','juil 12 2006 12:00AM' )
insert into locations values (243,38,'N3','juil 12 2006 12:00AM' )
insert into locations values (244,42,'N2','juil 11 2006 12:00AM' )
insert into locations values (244,43,'N2','juil 11 2006 12:00AM' )
insert into locations values (244,44,'N2','juil 11 2006 12:00AM' )
insert into locations values (245,45,'N2','juil 11 2006 12:00AM' )
insert into locations values (245,47,'N2','juil 11 2006 12:00AM' )
insert into locations values (245,48,'N2','juil 11 2006 12:00AM' )
insert into locations values (246,50,'N1','juil 11 2006 12:00AM' )
insert into locations values (247,51,'N1','juil 11 2006 12:00AM' )
insert into locations values (248,52,'N1','juil 11 2006 12:00AM' )
insert into locations values (249,55,'N2','juil 12 2006 12:00AM' )
insert into locations values (249,66,'N2','juil 12 2006 12:00AM' )
insert into locations values (250,268,'N1','juil 11 2006 12:00AM' )
insert into locations values (251,151,'N3','juil 13 2006 12:00AM' )
insert into locations values (251,160,'N3','juil 13 2006 12:00AM' )
insert into locations values (251,128,'N3','juil 13 2006 12:00AM' )
insert into locations values (252,243,'N2','juil 13 2006 12:00AM' )
insert into locations values (252,141,'N2','juil 13 2006 12:00AM' )
insert into locations values (252,174,'N2','juil 13 2006 12:00AM' )
insert into locations values (253,115,'N2','juil 13 2006 12:00AM' )
insert into locations values (253,169,'N2','juil 13 2006 12:00AM' )
insert into locations values (254,114,'N2','juil 13 2006 12:00AM' )
insert into locations values (254,101,'N2','juil 13 2006 12:00AM' )
insert into locations values (255,281,'N2','juil 13 2006 12:00AM' )
insert into locations values (255,198,'N2','juil 13 2006 12:00AM' )
insert into locations values (255,175,'N2','juil 13 2006 12:00AM' )
insert into locations values (256,195,'WE','juil 15 2006 12:00AM' )
insert into locations values (256,157,'WE','juil 15 2006 12:00AM' )
insert into locations values (256,116,'WE','juil 15 2006 12:00AM' )
insert into locations values (257,99,'WE','juil 15 2006 12:00AM' )
insert into locations values (257,180,'WE','juil 15 2006 12:00AM' )
insert into locations values (257,108,'WE','juil 15 2006 12:00AM' )
insert into locations values (258,20,'WE','juil 15 2006 12:00AM' )
insert into locations values (258,167,'WE','juil 15 2006 12:00AM' )
insert into locations values (258,175,'WE','juil 15 2006 12:00AM' )
insert into locations values (259,161,'WE','juil 15 2006 12:00AM' )
insert into locations values (259,177,'WE','juil 15 2006 12:00AM' )
insert into locations values (259,129,'WE','juil 15 2006 12:00AM' )
insert into locations values (260,40,'WE','juil 15 2006 12:00AM' )
insert into locations values (260,223,'WE','juil 15 2006 12:00AM' )
insert into locations values (260,139,'WE','juil 15 2006 12:00AM' )
insert into locations values (260,138,'WE','juil 15 2006 12:00AM' )
insert into locations values (261,56,'WE','juil 15 2006 12:00AM' )
insert into locations values (261,116,'WE','juil 15 2006 12:00AM' )
insert into locations values (261,198,'WE','juil 15 2006 12:00AM' )
insert into locations values (262,162,'WE','juil 15 2006 12:00AM' )
insert into locations values (262,126,'WE','juil 15 2006 12:00AM' )
insert into locations values (262,129,'WE','juil 15 2006 12:00AM' )
insert into locations values (262,130,'WE','juil 15 2006 12:00AM' )
insert into locations values (263,78,'WE','juil 15 2006 12:00AM' )
insert into locations values (263,254,'WE','juil 15 2006 12:00AM' )
insert into locations values (263,115,'WE','juil 15 2006 12:00AM' )
insert into locations values (264,2,'WE','juil 16 2006 12:00AM' )
insert into locations values (264,46,'WE','juil 16 2006 12:00AM' )
insert into locations values (264,170,'WE','juil 16 2006 12:00AM' )
insert into locations values (264,80,'WE','juil 16 2006 12:00AM' )
insert into locations values (265,29,'WE','juil 16 2006 12:00AM' )
insert into locations values (265,97,'WE','juil 16 2006 12:00AM' )
insert into locations values (265,99,'WE','juil 16 2006 12:00AM' )
insert into locations values (266,177,'WE','juil 16 2006 12:00AM' )
insert into locations values (266,10,'WE','juil 16 2006 12:00AM' )
insert into locations values (266,36,'WE','juil 16 2006 12:00AM' )
insert into locations values (267,77,'WE','juil 16 2006 12:00AM' )
insert into locations values (267,247,'WE','juil 16 2006 12:00AM' )
insert into locations values (267,127,'WE','juil 16 2006 12:00AM' )
insert into locations values (268,67,'WE','juil 16 2006 12:00AM' )
insert into locations values (268,273,'WE','juil 16 2006 12:00AM' )
insert into locations values (268,152,'WE','juil 16 2006 12:00AM' )
insert into locations values (268,184,'WE','juil 16 2006 12:00AM' )
insert into locations values (269,251,'WE','juil 16 2006 12:00AM' )
insert into locations values (269,125,'WE','juil 16 2006 12:00AM' )
insert into locations values (269,176,'WE','juil 16 2006 12:00AM' )
insert into locations values (269,110,'WE','juil 16 2006 12:00AM' )
insert into locations values (271,271,'WE','juil 16 2006 12:00AM' )
insert into locations values (271,134,'WE','juil 16 2006 12:00AM' )
insert into locations values (271,124,'WE','juil 16 2006 12:00AM' )
insert into locations values (272,158,'WE','juil 16 2006 12:00AM' )
insert into locations values (272,198,'WE','juil 16 2006 12:00AM' )
insert into locations values (272,114,'WE','juil 16 2006 12:00AM' )
insert into locations values (272,149,'WE','juil 16 2006 12:00AM' )
insert into locations values (272,160,'WE','juil 16 2006 12:00AM' )
insert into locations values (273,136,'WE','juil 16 2006 12:00AM' )
insert into locations values (273,187,'WE','juil 16 2006 12:00AM' )
insert into locations values (273,52,'WE','juil 16 2006 12:00AM' )
insert into locations values (274,36,'N1','juil 10 2006 12:00AM' )
insert into locations values (275,81,'N3','juil 18 2006 12:00AM' )
insert into locations values (275,27,'N3','juil 18 2006 12:00AM' )
insert into locations values (275,39,'N3','juil 18 2006 12:00AM' )
insert into locations values (275,50,'N3','juil 18 2006 12:00AM' )
insert into locations values (276,47,'N1','juil 16 2006 12:00AM' )
insert into locations values (277,87,'N2','juin  3 2006 12:00AM' )
insert into locations values (277,184,'N2','juin  3 2006 12:00AM' )
insert into locations values (277,106,'N2','juin  3 2006 12:00AM' )
insert into locations values (278,41,'N3','juil 19 2006 12:00AM' )
insert into locations values (278,48,'N3','juil 19 2006 12:00AM' )
insert into locations values (278,11,'N3','juil 19 2006 12:00AM' )
insert into locations values (279,17,'N2','juil 18 2006 12:00AM' )
insert into locations values (279,45,'N2','juil 18 2006 12:00AM' )
insert into locations values (279,31,'N2','juil 18 2006 12:00AM' )
insert into locations values (280,30,'N3','juil 19 2006 12:00AM' )
insert into locations values (280,33,'N3','juil 19 2006 12:00AM' )
insert into locations values (280,35,'N3','juil 19 2006 12:00AM' )
insert into locations values (281,219,'N4','juil 20 2006 12:00AM' )
insert into locations values (281,127,'N4','juil 20 2006 12:00AM' )
insert into locations values (281,46,'N4','juil 20 2006 12:00AM' )
insert into locations values (281,56,'N4','juil 20 2006 12:00AM' )
insert into locations values (281,54,'N4','juil 20 2006 12:00AM' )
insert into locations values (283,171,'N1','juil 18 2006 12:00AM' )
insert into locations values (284,40,'N1','juil 18 2006 12:00AM' )
insert into locations values (285,195,'N3','juil 20 2006 12:00AM' )
insert into locations values (285,59,'N3','juil 20 2006 12:00AM' )
insert into locations values (285,55,'N3','juil 20 2006 12:00AM' )
insert into locations values (286,58,'N2','juil 19 2006 12:00AM' )
insert into locations values (286,129,'N2','juil 19 2006 12:00AM' )
insert into locations values (286,283,'N2','juil 19 2006 12:00AM' )
insert into locations values (287,189,'N2','juil 19 2006 12:00AM' )
insert into locations values (287,21,'N2','juil 19 2006 12:00AM' )
insert into locations values (287,35,'N2','juil 19 2006 12:00AM' )
insert into locations values (288,16,'N2','juil 20 2006 12:00AM' )
insert into locations values (288,178,'N2','juil 20 2006 12:00AM' )
insert into locations values (288,42,'N2','juil 20 2006 12:00AM' )
insert into locations values (289,171,'N1','juil 19 2006 12:00AM' )
insert into locations values (290,23,'N2','juil 20 2006 12:00AM' )
insert into locations values (290,12,'N2','juil 20 2006 12:00AM' )
insert into locations values (290,8,'N2','juil 20 2006 12:00AM' )
insert into locations values (291,146,'N2','juil 20 2006 12:00AM' )
insert into locations values (291,156,'N2','juil 20 2006 12:00AM' )
insert into locations values (291,209,'N2','juil 20 2006 12:00AM' )
insert into locations values (292,112,'WE','juil 22 2006 12:00AM' )
insert into locations values (292,30,'WE','juil 22 2006 12:00AM' )
insert into locations values (292,51,'WE','juil 22 2006 12:00AM' )
insert into locations values (293,50,'WE','juil 22 2006 12:00AM' )
insert into locations values (294,28,'WE','juin  4 2006 12:00AM' )
insert into locations values (294,52,'WE','juin  4 2006 12:00AM' )
insert into locations values (294,82,'WE','juin  4 2006 12:00AM' )
insert into locations values (295,37,'WE','juil 22 2006 12:00AM' )
insert into locations values (296,40,'WE','juil 23 2006 12:00AM' )
insert into locations values (297,35,'WE','juin  3 2006 12:00AM' )
insert into locations values (298,14,'WE','juil 23 2006 12:00AM' )
insert into locations values (298,29,'WE','juil 23 2006 12:00AM' )
insert into locations values (298,33,'WE','juil 23 2006 12:00AM' )
insert into locations values (298,90,'WE','juil 23 2006 12:00AM' )
insert into locations values (298,42,'WE','juil 23 2006 12:00AM' )
insert into locations values (299,269,'WE','juil 23 2006 12:00AM' )
insert into locations values (299,44,'WE','juil 23 2006 12:00AM' )
insert into locations values (300,62,'WE','juil 23 2006 12:00AM' )
insert into locations values (304,9,'N2','juin  3 2006 12:00AM' )
insert into locations values (304,10,'N5','juin  3 2006 12:00AM' )
insert into locations values (308,5,'N4','juin  3 2006 12:00AM' )
insert into locations values (308,8,'N3','juin  3 2006 12:00AM' )



